"name"	"taxRank"	"taxID"	"Max"	"report_filt_F15_BC23_ONT2.cladeReads"	"report_filt_F19_BC05_ONT.cladeReads"	"report_filt_F24_BC06_ONT.cladeReads"	"report_filt_F28.cladeReads"	"report_filt_F29_BC14_ONT.cladeReads"	"report_filt_F32_BC15_ONT.cladeReads"	"report_filt_F34_BC06_ONT.cladeReads"	"report_filt_F35_BC08_ONT.cladeReads"	"report_filt_F41_BC09_ONT.cladeReads"	"report_filt_F43.cladeReads"	"report_filt_F47_ONT.cladeReads"	"report_filt_F53_BC17_ONT.cladeReads"	"report_filt_F54_BC18_ONT.cladeReads"	"report_filt_F87_BC11_ONT.cladeReads"	"report_filt_F88_BC12_ONT.cladeReads"	"lineage"
"Klebsiella pneumoniae"	"S"	573	198040	34930	159122	172937	122271	96299	72134	19710	161945	198043	168392	10846	53657	124244	149387	109597	"cellular&nbsp;organisms>Bacteria>Proteobacteria>Gammaproteobacteria>Enterobacterales>Enterobacteriaceae>Klebsiella"
"Klebsiella quasipneumoniae"	"S"	1463165	6081	1267	2795	3279	3739	3059	2771	179	4099	3716	6081	475	1717	4257	4610	2588	"cellular&nbsp;organisms>Bacteria>Proteobacteria>Gammaproteobacteria>Enterobacterales>Enterobacteriaceae>Klebsiella"
"Klebsiella variicola"	"S"	244366	4128	513	2072	2450	2541	1998	1862	136	2824	2595	4128	263	1069	2784	3254	1930	"cellular&nbsp;organisms>Bacteria>Proteobacteria>Gammaproteobacteria>Enterobacterales>Enterobacteriaceae>Klebsiella"
"Klebsiella africana"	"S"	2489010	1791	203	719	873	1029	872	809	68	1094	903	1791	103	453	1316	1322	719	"cellular&nbsp;organisms>Bacteria>Proteobacteria>Gammaproteobacteria>Enterobacterales>Enterobacteriaceae>Klebsiella"
"Klebsiella quasivariicola"	"S"	2026240	1324	180	542	655	739	573	581	40	830	633	1324	99	316	884	1040	479	"cellular&nbsp;organisms>Bacteria>Proteobacteria>Gammaproteobacteria>Enterobacterales>Enterobacteriaceae>Klebsiella"
"Klebsiella aerogenes"	"S"	548	1182	152	522	646	681	604	552	31	767	690	1182	84	285	791	906	519	"cellular&nbsp;organisms>Bacteria>Proteobacteria>Gammaproteobacteria>Enterobacterales>Enterobacteriaceae>Klebsiella"
"Klebsiella oxytoca"	"S"	571	904	107	452	504	586	451	403	38	619	564	904	62	251	592	646	396	"cellular&nbsp;organisms>Bacteria>Proteobacteria>Gammaproteobacteria>Enterobacterales>Enterobacteriaceae>Klebsiella"
"Klebsiella sp. A52"	"S"	2834819	50	16	17	26	34	17	25	2	38	18	50	5	15	38	43	21	"cellular&nbsp;organisms>Bacteria>Proteobacteria>Gammaproteobacteria>Enterobacterales>Enterobacteriaceae>Klebsiella>unclassified&nbsp;Klebsiella"
"Klebsiella sp. P1CD1"	"S"	2267618	35	6	16	18	18	22	10	1	24	25	35	5	10	23	24	11	"cellular&nbsp;organisms>Bacteria>Proteobacteria>Gammaproteobacteria>Enterobacterales>Enterobacteriaceae>Klebsiella>unclassified&nbsp;Klebsiella"
"Klebsiella sp. LY"	"S"	2015795	42	4	18	23	24	19	20	NA	22	28	42	1	6	27	32	21	"cellular&nbsp;organisms>Bacteria>Proteobacteria>Gammaproteobacteria>Enterobacterales>Enterobacteriaceae>Klebsiella>unclassified&nbsp;Klebsiella"
"Klebsiella sp. PL-2018"	"S"	2851540	11	2	5	11	4	9	4	NA	1	3	6	1	1	4	5	4	"cellular&nbsp;organisms>Bacteria>Proteobacteria>Gammaproteobacteria>Enterobacterales>Enterobacteriaceae>Klebsiella>unclassified&nbsp;Klebsiella"
"Klebsiella sp. WP3-S18-ESBL-05"	"S"	2675711	36	2	2	11	20	8	32	1	36	4	33	2	NA	NA	24	7	"cellular&nbsp;organisms>Bacteria>Proteobacteria>Gammaproteobacteria>Enterobacterales>Enterobacteriaceae>Klebsiella>unclassified&nbsp;Klebsiella"
"Klebsiella sp. STW0522-44"	"S"	2681387	21	2	7	13	15	17	14	NA	10	11	21	2	6	16	13	9	"cellular&nbsp;organisms>Bacteria>Proteobacteria>Gammaproteobacteria>Enterobacterales>Enterobacteriaceae>Klebsiella>unclassified&nbsp;Klebsiella"
"Klebsiella michiganensis"	"S"	1134687	501	61	206	241	271	216	223	15	325	268	501	26	140	327	359	202	"cellular&nbsp;organisms>Bacteria>Proteobacteria>Gammaproteobacteria>Enterobacterales>Enterobacteriaceae>Klebsiella"
"Klebsiella huaxiensis"	"S"	2153354	100	11	32	54	59	76	56	4	66	41	100	7	21	66	91	42	"cellular&nbsp;organisms>Bacteria>Proteobacteria>Gammaproteobacteria>Enterobacterales>Enterobacteriaceae>Klebsiella"
"Klebsiella grimontii"	"S"	2058152	116	10	46	47	71	56	62	5	81	66	116	9	31	75	101	47	"cellular&nbsp;organisms>Bacteria>Proteobacteria>Gammaproteobacteria>Enterobacterales>Enterobacteriaceae>Klebsiella"
"Escherichia coli"	"S"	562	6575	6575	3321	4300	1675	1283	1280	605	2196	4373	3913	158	677	1758	2572	1776	"cellular&nbsp;organisms>Bacteria>Proteobacteria>Gammaproteobacteria>Enterobacterales>Enterobacteriaceae>Escherichia"
"Escherichia fergusonii"	"S"	564	26	25	4	13	13	13	13	3	15	16	26	1	2	22	23	14	"cellular&nbsp;organisms>Bacteria>Proteobacteria>Gammaproteobacteria>Enterobacterales>Enterobacteriaceae>Escherichia"
"Escherichia albertii"	"S"	208962	20	20	1	1	2	1	3	NA	5	2	9	NA	NA	2	5	1	"cellular&nbsp;organisms>Bacteria>Proteobacteria>Gammaproteobacteria>Enterobacterales>Enterobacteriaceae>Escherichia"
"Escherichia marmotae"	"S"	1499973	12	12	NA	2	NA	3	1	NA	1	NA	4	NA	NA	2	4	1	"cellular&nbsp;organisms>Bacteria>Proteobacteria>Gammaproteobacteria>Enterobacterales>Enterobacteriaceae>Escherichia"
"Escherichia sp. E4742"	"S"	2044467	11	11	NA	1	NA	NA	NA	NA	NA	NA	1	NA	NA	NA	NA	NA	"cellular&nbsp;organisms>Bacteria>Proteobacteria>Gammaproteobacteria>Enterobacterales>Enterobacteriaceae>Escherichia>unclassified&nbsp;Escherichia"
"Salmonella enterica"	"S"	28901	681	44	361	506	152	120	140	8	176	514	681	16	60	145	237	120	"cellular&nbsp;organisms>Bacteria>Proteobacteria>Gammaproteobacteria>Enterobacterales>Enterobacteriaceae>Salmonella"
"Salmonella sp."	"S"	599	46	4	5	8	9	10	18	NA	28	5	12	1	NA	6	46	15	"cellular&nbsp;organisms>Bacteria>Proteobacteria>Gammaproteobacteria>Enterobacterales>Enterobacteriaceae>Salmonella>unclassified&nbsp;Salmonella"
"Citrobacter freundii"	"S"	546	317	13	174	233	75	54	83	5	98	227	317	5	22	75	110	96	"cellular&nbsp;organisms>Bacteria>Proteobacteria>Gammaproteobacteria>Enterobacterales>Enterobacteriaceae>Citrobacter>Citrobacter&nbsp;freundii&nbsp;complex"
"Citrobacter braakii"	"S"	57706	3	2	2	2	NA	1	NA	NA	1	2	3	NA	NA	NA	NA	NA	"cellular&nbsp;organisms>Bacteria>Proteobacteria>Gammaproteobacteria>Enterobacterales>Enterobacteriaceae>Citrobacter>Citrobacter&nbsp;freundii&nbsp;complex"
"Citrobacter sp. BIDMC108"	"S"	1686385	3	1	NA	NA	NA	NA	NA	NA	NA	NA	2	NA	NA	3	NA	NA	"cellular&nbsp;organisms>Bacteria>Proteobacteria>Gammaproteobacteria>Enterobacterales>Enterobacteriaceae>Citrobacter>Citrobacter&nbsp;freundii&nbsp;complex>unclassified&nbsp;Citrobacter&nbsp;freundii&nbsp;complex"
"Citrobacter koseri"	"S"	545	26	6	10	12	12	13	10	NA	12	16	24	NA	5	26	12	14	"cellular&nbsp;organisms>Bacteria>Proteobacteria>Gammaproteobacteria>Enterobacterales>Enterobacteriaceae>Citrobacter"
"Citrobacter sp. RHBSTW-00986"	"S"	2742675	13	3	11	5	7	NA	2	NA	13	8	9	1	4	7	10	10	"cellular&nbsp;organisms>Bacteria>Proteobacteria>Gammaproteobacteria>Enterobacterales>Enterobacteriaceae>Citrobacter>unclassified&nbsp;Citrobacter"
"Citrobacter amalonaticus"	"S"	35703	26	2	11	15	9	2	7	1	15	10	26	NA	4	12	16	9	"cellular&nbsp;organisms>Bacteria>Proteobacteria>Gammaproteobacteria>Enterobacterales>Enterobacteriaceae>Citrobacter"
"Citrobacter telavivensis"	"S"	2653932	2	2	NA	NA	1	NA	NA	NA	NA	2	NA	NA	1	1	NA	NA	"cellular&nbsp;organisms>Bacteria>Proteobacteria>Gammaproteobacteria>Enterobacterales>Enterobacteriaceae>Citrobacter"
"Citrobacter rodentium"	"S"	67825	4	1	1	NA	2	4	2	NA	3	1	4	NA	NA	4	2	3	"cellular&nbsp;organisms>Bacteria>Proteobacteria>Gammaproteobacteria>Enterobacterales>Enterobacteriaceae>Citrobacter"
"Citrobacter pasteurii"	"S"	1563222	1	1	1	NA	NA	NA	NA	NA	1	NA	NA	NA	NA	NA	NA	1	"cellular&nbsp;organisms>Bacteria>Proteobacteria>Gammaproteobacteria>Enterobacterales>Enterobacteriaceae>Citrobacter"
"Citrobacter cronae"	"S"	1748967	2	1	NA	NA	1	NA	NA	NA	NA	1	NA	NA	NA	NA	2	NA	"cellular&nbsp;organisms>Bacteria>Proteobacteria>Gammaproteobacteria>Enterobacterales>Enterobacteriaceae>Citrobacter"
"Citrobacter tructae"	"S"	2562449	1	1	NA	NA	1	NA	NA	NA	NA	NA	NA	NA	NA	NA	1	NA	"cellular&nbsp;organisms>Bacteria>Proteobacteria>Gammaproteobacteria>Enterobacterales>Enterobacteriaceae>Citrobacter"
"Enterobacter hormaechei"	"S"	158836	1340	20	1064	1295	84	71	113	7	108	1340	1059	9	43	123	167	99	"cellular&nbsp;organisms>Bacteria>Proteobacteria>Gammaproteobacteria>Enterobacterales>Enterobacteriaceae>Enterobacter>Enterobacter&nbsp;cloacae&nbsp;complex"
"Enterobacter kobei"	"S"	208224	29	4	20	28	12	7	14	1	21	20	29	NA	4	4	22	16	"cellular&nbsp;organisms>Bacteria>Proteobacteria>Gammaproteobacteria>Enterobacterales>Enterobacteriaceae>Enterobacter>Enterobacter&nbsp;cloacae&nbsp;complex"
"Enterobacter cloacae"	"S"	550	24	3	6	7	5	9	12	1	12	21	24	1	1	8	23	9	"cellular&nbsp;organisms>Bacteria>Proteobacteria>Gammaproteobacteria>Enterobacterales>Enterobacteriaceae>Enterobacter>Enterobacter&nbsp;cloacae&nbsp;complex"
"Enterobacter asburiae"	"S"	61645	42	3	12	15	29	19	28	NA	15	13	41	1	8	27	42	22	"cellular&nbsp;organisms>Bacteria>Proteobacteria>Gammaproteobacteria>Enterobacterales>Enterobacteriaceae>Enterobacter>Enterobacter&nbsp;cloacae&nbsp;complex"
"Enterobacter roggenkampii"	"S"	1812935	23	3	10	15	9	15	11	NA	8	19	23	2	4	17	16	16	"cellular&nbsp;organisms>Bacteria>Proteobacteria>Gammaproteobacteria>Enterobacterales>Enterobacteriaceae>Enterobacter>Enterobacter&nbsp;cloacae&nbsp;complex"
"Enterobacter ludwigii"	"S"	299767	5	1	NA	1	2	2	NA	NA	NA	1	4	NA	NA	NA	5	1	"cellular&nbsp;organisms>Bacteria>Proteobacteria>Gammaproteobacteria>Enterobacterales>Enterobacteriaceae>Enterobacter>Enterobacter&nbsp;cloacae&nbsp;complex"
"Enterobacter sp. RHBSTW-00994"	"S"	2742676	2	2	NA	NA	NA	1	NA	NA	NA	NA	NA	NA	NA	1	NA	NA	"cellular&nbsp;organisms>Bacteria>Proteobacteria>Gammaproteobacteria>Enterobacterales>Enterobacteriaceae>Enterobacter>unclassified&nbsp;Enterobacter"
"Enterobacter sp. RHBSTW-00175"	"S"	2742639	1	1	NA	NA	NA	NA	NA	NA	1	NA	NA	NA	NA	NA	NA	NA	"cellular&nbsp;organisms>Bacteria>Proteobacteria>Gammaproteobacteria>Enterobacterales>Enterobacteriaceae>Enterobacter>unclassified&nbsp;Enterobacter"
"Enterobacter sp. JUb54"	"S"	2724468	2	1	NA	NA	NA	NA	NA	NA	1	NA	2	NA	NA	1	1	NA	"cellular&nbsp;organisms>Bacteria>Proteobacteria>Gammaproteobacteria>Enterobacterales>Enterobacteriaceae>Enterobacter>unclassified&nbsp;Enterobacter"
"Shigella dysenteriae"	"S"	622	14	14	1	3	NA	1	1	NA	1	3	9	NA	1	2	1	1	"cellular&nbsp;organisms>Bacteria>Proteobacteria>Gammaproteobacteria>Enterobacterales>Enterobacteriaceae>Shigella"
"Shigella boydii"	"S"	621	12	12	NA	NA	2	NA	NA	NA	1	1	NA	NA	NA	1	5	1	"cellular&nbsp;organisms>Bacteria>Proteobacteria>Gammaproteobacteria>Enterobacterales>Enterobacteriaceae>Shigella"
"Shigella flexneri"	"S"	623	7	7	NA	1	NA	NA	1	NA	NA	2	1	NA	NA	1	2	NA	"cellular&nbsp;organisms>Bacteria>Proteobacteria>Gammaproteobacteria>Enterobacterales>Enterobacteriaceae>Shigella"
"Raoultella planticola"	"S"	575	88	10	70	84	53	29	33	4	78	77	71	4	12	48	88	68	"cellular&nbsp;organisms>Bacteria>Proteobacteria>Gammaproteobacteria>Enterobacterales>Enterobacteriaceae>Raoultella"
"Raoultella terrigena"	"S"	577	20	3	2	4	3	7	9	NA	10	3	7	NA	2	2	20	7	"cellular&nbsp;organisms>Bacteria>Proteobacteria>Gammaproteobacteria>Enterobacterales>Enterobacteriaceae>Raoultella"
"Raoultella ornithinolytica"	"S"	54291	26	3	14	20	17	17	14	1	26	16	24	NA	9	24	25	8	"cellular&nbsp;organisms>Bacteria>Proteobacteria>Gammaproteobacteria>Enterobacterales>Enterobacteriaceae>Raoultella"
"Raoultella sp. XY-1"	"S"	2799495	7	1	NA	1	1	2	NA	NA	1	7	1	NA	NA	NA	1	NA	"cellular&nbsp;organisms>Bacteria>Proteobacteria>Gammaproteobacteria>Enterobacterales>Enterobacteriaceae>Raoultella>unclassified&nbsp;Raoultella"
"Leclercia adecarboxylata"	"S"	83655	18	2	8	18	1	4	1	NA	2	11	5	3	NA	1	5	2	"cellular&nbsp;organisms>Bacteria>Proteobacteria>Gammaproteobacteria>Enterobacterales>Enterobacteriaceae>Leclercia"
"Leclercia sp. 4-9-1-25"	"S"	2815358	1	1	NA	NA	NA	NA	NA	NA	1	NA	NA	NA	NA	NA	NA	NA	"cellular&nbsp;organisms>Bacteria>Proteobacteria>Gammaproteobacteria>Enterobacterales>Enterobacteriaceae>Leclercia>unclassified&nbsp;Leclercia"
"Kosakonia arachidis"	"S"	551989	7	2	NA	NA	NA	NA	1	1	2	NA	3	2	NA	7	1	1	"cellular&nbsp;organisms>Bacteria>Proteobacteria>Gammaproteobacteria>Enterobacterales>Enterobacteriaceae>Kosakonia"
"Kosakonia sp. MUSA4"	"S"	2067958	1	1	NA	NA	NA	NA	NA	NA	1	1	1	NA	NA	NA	NA	NA	"cellular&nbsp;organisms>Bacteria>Proteobacteria>Gammaproteobacteria>Enterobacterales>Enterobacteriaceae>Kosakonia>unclassified&nbsp;Kosakonia"
"Kluyvera intermedia"	"S"	61648	2	2	NA	NA	NA	NA	NA	NA	NA	NA	NA	NA	NA	NA	2	NA	"cellular&nbsp;organisms>Bacteria>Proteobacteria>Gammaproteobacteria>Enterobacterales>Enterobacteriaceae>Kluyvera"
"Kluyvera ascorbata"	"S"	51288	1	1	NA	NA	NA	NA	NA	NA	NA	NA	NA	NA	NA	NA	NA	NA	"cellular&nbsp;organisms>Bacteria>Proteobacteria>Gammaproteobacteria>Enterobacterales>Enterobacteriaceae>Kluyvera"
"Scandinavium goeteborgense"	"S"	1851514	1	1	NA	NA	1	1	NA	NA	1	NA	NA	1	NA	NA	NA	1	"cellular&nbsp;organisms>Bacteria>Proteobacteria>Gammaproteobacteria>Enterobacterales>Enterobacteriaceae>Scandinavium"
"Pluralibacter gergoviae"	"S"	61647	8	1	2	3	1	3	3	NA	3	5	8	NA	NA	4	1	NA	"cellular&nbsp;organisms>Bacteria>Proteobacteria>Gammaproteobacteria>Enterobacterales>Enterobacteriaceae>Pluralibacter"
"Phytobacter sp. SCO41"	"S"	1756993	3	1	NA	NA	NA	NA	1	NA	1	NA	3	NA	NA	1	1	NA	"cellular&nbsp;organisms>Bacteria>Proteobacteria>Gammaproteobacteria>Enterobacterales>Enterobacteriaceae>Phytobacter>unclassified&nbsp;Phytobacter"
"Pectobacterium carotovorum"	"S"	554	15	1	2	1	4	4	8	1	5	2	15	NA	3	9	9	3	"cellular&nbsp;organisms>Bacteria>Proteobacteria>Gammaproteobacteria>Enterobacterales>Pectobacteriaceae>Pectobacterium"
"Pectobacterium aroidearum"	"S"	1201031	5	1	1	1	1	5	1	NA	1	3	5	NA	1	1	2	NA	"cellular&nbsp;organisms>Bacteria>Proteobacteria>Gammaproteobacteria>Enterobacterales>Pectobacteriaceae>Pectobacterium"
"Xanthomonas cassavae"	"S"	56450	2	2	NA	1	NA	2	NA	1	NA	NA	1	NA	NA	NA	NA	NA	"cellular&nbsp;organisms>Bacteria>Proteobacteria>Gammaproteobacteria>Xanthomonadales>Xanthomonadaceae>Xanthomonas"
"Xylella taiwanensis"	"S"	1444770	1	1	NA	NA	NA	NA	NA	NA	NA	1	NA	NA	NA	NA	NA	NA	"cellular&nbsp;organisms>Bacteria>Proteobacteria>Gammaproteobacteria>Xanthomonadales>Xanthomonadaceae>Xylella"
"Vibrio cholerae"	"S"	666	945	3	841	945	7	3	2	NA	7	937	921	NA	NA	7	10	5	"cellular&nbsp;organisms>Bacteria>Proteobacteria>Gammaproteobacteria>Vibrionales>Vibrionaceae>Vibrio"
"Pseudomonas aeruginosa"	"S"	287	12	1	4	5	2	NA	9	NA	5	5	12	2	4	7	12	7	"cellular&nbsp;organisms>Bacteria>Proteobacteria>Gammaproteobacteria>Pseudomonadales>Pseudomonadaceae>Pseudomonas>Pseudomonas&nbsp;aeruginosa&nbsp;group"
"Aeromonas hydrophila"	"S"	644	4	1	NA	2	2	NA	1	NA	1	NA	4	NA	NA	NA	1	NA	"cellular&nbsp;organisms>Bacteria>Proteobacteria>Gammaproteobacteria>Aeromonadales>Aeromonadaceae>Aeromonas"
"Alcaligenes faecalis"	"S"	511	29	2	13	7	5	1	2	NA	3	9	29	NA	NA	3	8	1	"cellular&nbsp;organisms>Bacteria>Proteobacteria>Betaproteobacteria>Burkholderiales>Alcaligenaceae>Alcaligenes"
"Homo sapiens"	"S"	9606	16	2	4	4	4	8	13	1	15	1	15	5	11	16	NA	1	"cellular&nbsp;organisms>Eukaryota>Opisthokonta>Metazoa>Eumetazoa>Bilateria>Deuterostomia>Chordata>Craniata>Vertebrata>Gnathostomata>Teleostomi>Euteleostomi>Sarcopterygii>Dipnotetrapodomorpha>Tetrapoda>Amniota>Mammalia>Theria>Eutheria>Boreoeutheria>Euarchontoglires>Primates>Haplorrhini>Simiiformes>Catarrhini>Hominoidea>Hominidae>Homininae>Homo"
"Klebsiella sp. WP8-S18-ESBL-06"	"S"	2675726	9	NA	9	3	7	2	1	1	2	1	6	1	2	5	3	1	"cellular&nbsp;organisms>Bacteria>Proteobacteria>Gammaproteobacteria>Enterobacterales>Enterobacteriaceae>Klebsiella>unclassified&nbsp;Klebsiella"
"Klebsiella sp. BDA134-6"	"S"	2787706	17	NA	6	5	2	8	3	NA	7	3	17	1	10	10	6	7	"cellular&nbsp;organisms>Bacteria>Proteobacteria>Gammaproteobacteria>Enterobacterales>Enterobacteriaceae>Klebsiella>unclassified&nbsp;Klebsiella"
"Klebsiella sp. MPUS7"	"S"	2697371	3	NA	2	1	2	NA	3	NA	3	1	2	NA	NA	2	3	1	"cellular&nbsp;organisms>Bacteria>Proteobacteria>Gammaproteobacteria>Enterobacterales>Enterobacteriaceae>Klebsiella>unclassified&nbsp;Klebsiella"
"Klebsiella sp. LTGPAF-6F"	"S"	1905288	2	NA	1	2	NA	NA	1	NA	NA	2	2	NA	1	1	2	1	"cellular&nbsp;organisms>Bacteria>Proteobacteria>Gammaproteobacteria>Enterobacterales>Enterobacteriaceae>Klebsiella>unclassified&nbsp;Klebsiella"
"Klebsiella sp. FDAARGOS_511"	"S"	2488567	4	NA	1	1	3	NA	2	1	NA	3	1	NA	1	4	2	NA	"cellular&nbsp;organisms>Bacteria>Proteobacteria>Gammaproteobacteria>Enterobacterales>Enterobacteriaceae>Klebsiella>unclassified&nbsp;Klebsiella"
"Escherichia sp."	"S"	1884818	1	NA	1	1	NA	NA	NA	NA	NA	NA	NA	NA	NA	NA	NA	NA	"cellular&nbsp;organisms>Bacteria>Proteobacteria>Gammaproteobacteria>Enterobacterales>Enterobacteriaceae>Escherichia>unclassified&nbsp;Escherichia"
"Enterobacter cloacae complex sp."	"S"	2027919	50	NA	13	31	21	6	15	2	17	50	29	1	3	8	17	13	"cellular&nbsp;organisms>Bacteria>Proteobacteria>Gammaproteobacteria>Enterobacterales>Enterobacteriaceae>Enterobacter>Enterobacter&nbsp;cloacae&nbsp;complex>unclassified&nbsp;Enterobacter&nbsp;cloacae&nbsp;complex"
"Enterobacter cloacae complex sp. ECL72"	"S"	2850078	33	NA	13	20	23	15	6	3	20	22	33	2	9	28	12	11	"cellular&nbsp;organisms>Bacteria>Proteobacteria>Gammaproteobacteria>Enterobacterales>Enterobacteriaceae>Enterobacter>Enterobacter&nbsp;cloacae&nbsp;complex>unclassified&nbsp;Enterobacter&nbsp;cloacae&nbsp;complex"
"Enterobacter sp. C2"	"S"	2870346	3	NA	1	NA	NA	NA	1	NA	3	1	2	NA	1	2	1	2	"cellular&nbsp;organisms>Bacteria>Proteobacteria>Gammaproteobacteria>Enterobacterales>Enterobacteriaceae>Enterobacter>unclassified&nbsp;Enterobacter"
"Citrobacter portucalensis"	"S"	1639133	37	NA	23	22	9	9	8	1	10	37	35	NA	4	10	9	6	"cellular&nbsp;organisms>Bacteria>Proteobacteria>Gammaproteobacteria>Enterobacterales>Enterobacteriaceae>Citrobacter>Citrobacter&nbsp;freundii&nbsp;complex"
"Citrobacter sedlakii"	"S"	67826	7	NA	6	5	1	3	1	NA	7	5	4	NA	1	3	6	2	"cellular&nbsp;organisms>Bacteria>Proteobacteria>Gammaproteobacteria>Enterobacterales>Enterobacteriaceae>Citrobacter>Citrobacter&nbsp;freundii&nbsp;complex"
"Citrobacter werkmanii"	"S"	67827	8	NA	3	4	1	1	1	NA	5	6	8	1	2	5	7	2	"cellular&nbsp;organisms>Bacteria>Proteobacteria>Gammaproteobacteria>Enterobacterales>Enterobacteriaceae>Citrobacter>Citrobacter&nbsp;freundii&nbsp;complex"
"Citrobacter sp. RHBSTW-00696"	"S"	2742662	2	NA	1	1	NA	NA	NA	NA	NA	NA	NA	NA	NA	NA	2	NA	"cellular&nbsp;organisms>Bacteria>Proteobacteria>Gammaproteobacteria>Enterobacterales>Enterobacteriaceae>Citrobacter>unclassified&nbsp;Citrobacter"
"Citrobacter sp. 172116965"	"S"	2683822	3	NA	1	NA	1	NA	3	NA	1	3	1	NA	NA	3	1	1	"cellular&nbsp;organisms>Bacteria>Proteobacteria>Gammaproteobacteria>Enterobacterales>Enterobacteriaceae>Citrobacter>unclassified&nbsp;Citrobacter"
"Citrobacter sp. CRE-46"	"S"	1703250	3	NA	1	2	NA	1	1	NA	NA	3	2	NA	NA	3	2	NA	"cellular&nbsp;organisms>Bacteria>Proteobacteria>Gammaproteobacteria>Enterobacterales>Enterobacteriaceae>Citrobacter>unclassified&nbsp;Citrobacter"
"Candidatus Hamiltonella defensa"	"S"	138072	197	NA	147	163	1	NA	NA	NA	2	159	197	NA	NA	NA	NA	NA	"cellular&nbsp;organisms>Bacteria>Proteobacteria>Gammaproteobacteria>Enterobacterales>Enterobacteriaceae>Enterobacteriaceae&nbsp;incertae&nbsp;sedis>ant,&nbsp;tsetse,&nbsp;mealybug,&nbsp;aphid,&nbsp;etc.&nbsp;endosymbionts>aphid&nbsp;secondary&nbsp;symbionts>Candidatus&nbsp;Hamiltonella"
"Raoultella electrica"	"S"	1259973	8	NA	4	6	6	2	3	NA	6	4	3	NA	2	7	8	1	"cellular&nbsp;organisms>Bacteria>Proteobacteria>Gammaproteobacteria>Enterobacterales>Enterobacteriaceae>Raoultella"
"Leclercia sp. 29361"	"S"	2714951	1	NA	1	NA	NA	NA	NA	NA	NA	NA	NA	NA	NA	NA	NA	NA	"cellular&nbsp;organisms>Bacteria>Proteobacteria>Gammaproteobacteria>Enterobacterales>Enterobacteriaceae>Leclercia>unclassified&nbsp;Leclercia"
"Kosakonia radicincitans"	"S"	283686	7	NA	5	2	5	5	4	NA	4	5	5	1	2	4	7	7	"cellular&nbsp;organisms>Bacteria>Proteobacteria>Gammaproteobacteria>Enterobacterales>Enterobacteriaceae>Kosakonia"
"Cronobacter sakazakii"	"S"	28141	36	NA	2	6	16	10	7	NA	24	18	14	NA	4	4	36	19	"cellular&nbsp;organisms>Bacteria>Proteobacteria>Gammaproteobacteria>Enterobacterales>Enterobacteriaceae>Cronobacter"
"Metakosakonia sp. MRY16-398"	"S"	2487150	2	NA	1	NA	1	1	NA	NA	1	NA	NA	NA	NA	NA	2	NA	"cellular&nbsp;organisms>Bacteria>Proteobacteria>Gammaproteobacteria>Enterobacterales>Enterobacteriaceae>Metakosakonia>unclassified&nbsp;Metakosakonia"
"Yokenella regensburgei"	"S"	158877	2	NA	1	1	2	NA	NA	NA	1	NA	1	NA	NA	1	2	NA	"cellular&nbsp;organisms>Bacteria>Proteobacteria>Gammaproteobacteria>Enterobacterales>Enterobacteriaceae>Yokenella"
"Providencia stuartii"	"S"	588	293	NA	236	248	NA	NA	NA	NA	2	293	256	NA	NA	NA	NA	NA	"cellular&nbsp;organisms>Bacteria>Proteobacteria>Gammaproteobacteria>Enterobacterales>Morganellaceae>Providencia"
"Providencia rettgeri"	"S"	587	42	NA	7	11	9	1	6	NA	8	9	42	NA	1	5	9	1	"cellular&nbsp;organisms>Bacteria>Proteobacteria>Gammaproteobacteria>Enterobacterales>Morganellaceae>Providencia"
"Providencia huaxiensis"	"S"	2027290	3	NA	2	NA	NA	NA	NA	NA	NA	3	3	NA	NA	NA	NA	NA	"cellular&nbsp;organisms>Bacteria>Proteobacteria>Gammaproteobacteria>Enterobacterales>Morganellaceae>Providencia"
"Xenorhabdus nematophila"	"S"	628	38	NA	16	19	NA	NA	NA	NA	NA	17	38	NA	NA	NA	NA	NA	"cellular&nbsp;organisms>Bacteria>Proteobacteria>Gammaproteobacteria>Enterobacterales>Morganellaceae>Xenorhabdus"
"Proteus mirabilis"	"S"	584	44	NA	11	19	5	9	9	NA	10	9	44	NA	5	6	14	9	"cellular&nbsp;organisms>Bacteria>Proteobacteria>Gammaproteobacteria>Enterobacterales>Morganellaceae>Proteus"
"Proteus sp. ZN5"	"S"	2697019	1	NA	1	NA	NA	NA	NA	NA	NA	NA	NA	NA	NA	NA	NA	NA	"cellular&nbsp;organisms>Bacteria>Proteobacteria>Gammaproteobacteria>Enterobacterales>Morganellaceae>Proteus>unclassified&nbsp;Proteus"
"Edwardsiella ictaluri"	"S"	67780	96	NA	33	43	NA	NA	2	NA	NA	28	96	NA	NA	NA	1	NA	"cellular&nbsp;organisms>Bacteria>Proteobacteria>Gammaproteobacteria>Enterobacterales>Hafniaceae>Edwardsiella"
"Edwardsiella piscicida"	"S"	1263550	14	NA	5	3	NA	NA	NA	NA	NA	5	14	NA	NA	NA	NA	NA	"cellular&nbsp;organisms>Bacteria>Proteobacteria>Gammaproteobacteria>Enterobacterales>Hafniaceae>Edwardsiella"
"Yersinia ruckeri"	"S"	29486	12	NA	8	8	NA	NA	NA	NA	NA	10	12	NA	NA	NA	NA	NA	"cellular&nbsp;organisms>Bacteria>Proteobacteria>Gammaproteobacteria>Enterobacterales>Yersiniaceae>Yersinia"
"Yersinia enterocolitica"	"S"	630	6	NA	3	1	5	1	3	NA	2	NA	6	NA	1	3	3	NA	"cellular&nbsp;organisms>Bacteria>Proteobacteria>Gammaproteobacteria>Enterobacterales>Yersiniaceae>Yersinia"
"Yersinia pestis"	"S"	632	3	NA	2	1	1	1	3	NA	3	1	2	1	1	1	1	NA	"cellular&nbsp;organisms>Bacteria>Proteobacteria>Gammaproteobacteria>Enterobacterales>Yersiniaceae>Yersinia>Yersinia&nbsp;pseudotuberculosis&nbsp;complex"
"Serratia marcescens"	"S"	615	5	NA	1	NA	NA	NA	5	NA	NA	NA	2	NA	NA	2	2	1	"cellular&nbsp;organisms>Bacteria>Proteobacteria>Gammaproteobacteria>Enterobacterales>Yersiniaceae>Serratia"
"Serratia sp. FGI94"	"S"	671990	1	NA	1	NA	NA	NA	1	NA	NA	NA	1	NA	NA	NA	NA	NA	"cellular&nbsp;organisms>Bacteria>Proteobacteria>Gammaproteobacteria>Enterobacterales>Yersiniaceae>Serratia>unclassified&nbsp;Serratia"
"Dickeya sp. Secpp 1600"	"S"	2037915	1	NA	1	NA	NA	NA	NA	NA	NA	1	NA	NA	NA	1	NA	NA	"cellular&nbsp;organisms>Bacteria>Proteobacteria>Gammaproteobacteria>Enterobacterales>Pectobacteriaceae>Dickeya>unclassified&nbsp;Dickeya"
"Mixta calida"	"S"	665913	1	NA	1	1	NA	1	NA	NA	1	NA	NA	NA	NA	1	NA	NA	"cellular&nbsp;organisms>Bacteria>Proteobacteria>Gammaproteobacteria>Enterobacterales>Erwiniaceae>Mixta"
"Mixta theicola"	"S"	1458355	1	NA	1	NA	NA	NA	NA	NA	NA	NA	NA	NA	NA	NA	NA	NA	"cellular&nbsp;organisms>Bacteria>Proteobacteria>Gammaproteobacteria>Enterobacterales>Erwiniaceae>Mixta"
"Vibrio parahaemolyticus"	"S"	670	776	NA	628	776	3	1	2	NA	2	754	560	NA	1	1	2	1	"cellular&nbsp;organisms>Bacteria>Proteobacteria>Gammaproteobacteria>Vibrionales>Vibrionaceae>Vibrio>Vibrio&nbsp;harveyi&nbsp;group"
"Vibrio alginolyticus"	"S"	663	3	NA	1	3	NA	NA	NA	NA	NA	NA	3	NA	NA	NA	NA	NA	"cellular&nbsp;organisms>Bacteria>Proteobacteria>Gammaproteobacteria>Vibrionales>Vibrionaceae>Vibrio>Vibrio&nbsp;harveyi&nbsp;group"
"Vibrio hyugaensis"	"S"	1534743	13	NA	7	12	NA	NA	NA	NA	NA	13	9	NA	NA	NA	NA	NA	"cellular&nbsp;organisms>Bacteria>Proteobacteria>Gammaproteobacteria>Vibrionales>Vibrionaceae>Vibrio"
"Vibrio rumoiensis"	"S"	76258	1	NA	1	NA	NA	NA	NA	NA	NA	1	1	NA	NA	NA	NA	NA	"cellular&nbsp;organisms>Bacteria>Proteobacteria>Gammaproteobacteria>Vibrionales>Vibrionaceae>Vibrio"
"Shewanella sp. LC6"	"S"	2589790	37	NA	16	12	NA	NA	NA	NA	NA	6	37	NA	NA	NA	NA	NA	"cellular&nbsp;organisms>Bacteria>Proteobacteria>Gammaproteobacteria>Alteromonadales>Shewanellaceae>Shewanella>unclassified&nbsp;Shewanella"
"Shewanella sp. YLB-06"	"S"	2593655	1	NA	1	NA	NA	NA	NA	NA	NA	NA	NA	NA	NA	NA	NA	NA	"cellular&nbsp;organisms>Bacteria>Proteobacteria>Gammaproteobacteria>Alteromonadales>Shewanellaceae>Shewanella>unclassified&nbsp;Shewanella"
"Shewanella algae"	"S"	38313	12	NA	2	12	NA	NA	NA	NA	NA	8	10	NA	NA	NA	NA	NA	"cellular&nbsp;organisms>Bacteria>Proteobacteria>Gammaproteobacteria>Alteromonadales>Shewanellaceae>Shewanella"
"Shewanella carassii"	"S"	1987584	1	NA	1	NA	NA	NA	NA	NA	NA	NA	NA	NA	NA	NA	NA	NA	"cellular&nbsp;organisms>Bacteria>Proteobacteria>Gammaproteobacteria>Alteromonadales>Shewanellaceae>Shewanella"
"Pseudomonas mendocina"	"S"	300	1	NA	1	1	NA	NA	NA	NA	NA	NA	NA	NA	NA	NA	NA	NA	"cellular&nbsp;organisms>Bacteria>Proteobacteria>Gammaproteobacteria>Pseudomonadales>Pseudomonadaceae>Pseudomonas>Pseudomonas&nbsp;aeruginosa&nbsp;group"
"Pseudomonas orientalis"	"S"	76758	1	NA	1	NA	NA	NA	NA	NA	NA	NA	NA	NA	NA	NA	NA	NA	"cellular&nbsp;organisms>Bacteria>Proteobacteria>Gammaproteobacteria>Pseudomonadales>Pseudomonadaceae>Pseudomonas>Pseudomonas&nbsp;fluorescens&nbsp;group"
"Pseudomonas migulae"	"S"	78543	3	NA	1	1	2	NA	1	NA	NA	2	3	NA	NA	1	NA	NA	"cellular&nbsp;organisms>Bacteria>Proteobacteria>Gammaproteobacteria>Pseudomonadales>Pseudomonadaceae>Pseudomonas>Pseudomonas&nbsp;fluorescens&nbsp;group"
"Pseudomonas sp. 14181154"	"S"	2662033	1	NA	1	NA	NA	1	NA	NA	NA	1	NA	NA	NA	NA	NA	NA	"cellular&nbsp;organisms>Bacteria>Proteobacteria>Gammaproteobacteria>Pseudomonadales>Pseudomonadaceae>Pseudomonas>unclassified&nbsp;Pseudomonas"
"Acinetobacter baumannii"	"S"	470	7	NA	2	7	5	NA	1	NA	1	7	7	1	NA	1	2	NA	"cellular&nbsp;organisms>Bacteria>Proteobacteria>Gammaproteobacteria>Pseudomonadales>Moraxellaceae>Acinetobacter>Acinetobacter&nbsp;calcoaceticus/baumannii&nbsp;complex"
"Acinetobacter ursingii"	"S"	108980	4	NA	1	NA	1	NA	1	NA	NA	NA	1	NA	1	NA	3	4	"cellular&nbsp;organisms>Bacteria>Proteobacteria>Gammaproteobacteria>Pseudomonadales>Moraxellaceae>Acinetobacter"
"Aeromonas salmonicida"	"S"	645	3	NA	2	3	NA	1	NA	NA	NA	NA	1	NA	NA	NA	NA	1	"cellular&nbsp;organisms>Bacteria>Proteobacteria>Gammaproteobacteria>Aeromonadales>Aeromonadaceae>Aeromonas"
"Aeromonas sobria"	"S"	646	3	NA	1	2	1	NA	2	NA	3	1	3	NA	NA	1	1	NA	"cellular&nbsp;organisms>Bacteria>Proteobacteria>Gammaproteobacteria>Aeromonadales>Aeromonadaceae>Aeromonas"
"Stenotrophomonas rhizophila"	"S"	216778	1	NA	1	NA	NA	NA	NA	NA	NA	NA	NA	NA	NA	NA	1	NA	"cellular&nbsp;organisms>Bacteria>Proteobacteria>Gammaproteobacteria>Xanthomonadales>Xanthomonadaceae>Stenotrophomonas"
"Thiocystis violascens"	"S"	73141	1	NA	1	NA	NA	NA	NA	NA	NA	NA	NA	NA	NA	NA	NA	NA	"cellular&nbsp;organisms>Bacteria>Proteobacteria>Gammaproteobacteria>Chromatiales>Chromatiaceae>Thiocystis"
"Alcanivorax pacificus"	"S"	1306787	1	NA	1	NA	NA	NA	NA	NA	NA	NA	NA	NA	NA	NA	NA	NA	"cellular&nbsp;organisms>Bacteria>Proteobacteria>Gammaproteobacteria>Oceanospirillales>Alcanivoracaceae>Alcanivorax"
"Myxococcus hansupus"	"S"	1297742	1	NA	1	NA	NA	NA	NA	NA	NA	NA	NA	NA	NA	NA	NA	NA	"cellular&nbsp;organisms>Bacteria>Proteobacteria>delta/epsilon&nbsp;subdivisions>Deltaproteobacteria>Myxococcales>Cystobacterineae>Myxococcaceae>Myxococcus"
"Klebsiella sp. P1927"	"S"	2829836	8	NA	NA	2	2	2	2	NA	2	5	8	NA	1	6	4	3	"cellular&nbsp;organisms>Bacteria>Proteobacteria>Gammaproteobacteria>Enterobacterales>Enterobacteriaceae>Klebsiella>unclassified&nbsp;Klebsiella"
"Citrobacter sp. CF971"	"S"	2566012	2	NA	NA	2	NA	NA	NA	NA	NA	1	1	NA	NA	NA	NA	NA	"cellular&nbsp;organisms>Bacteria>Proteobacteria>Gammaproteobacteria>Enterobacterales>Enterobacteriaceae>Citrobacter>unclassified&nbsp;Citrobacter"
"Citrobacter sp. Colony322"	"S"	2861801	2	NA	NA	1	NA	NA	2	NA	2	NA	NA	NA	NA	2	1	1	"cellular&nbsp;organisms>Bacteria>Proteobacteria>Gammaproteobacteria>Enterobacterales>Enterobacteriaceae>Citrobacter>unclassified&nbsp;Citrobacter"
"Citrobacter sp. RHBSTW-00053"	"S"	2742632	1	NA	NA	1	1	NA	NA	NA	NA	NA	NA	NA	NA	NA	NA	NA	"cellular&nbsp;organisms>Bacteria>Proteobacteria>Gammaproteobacteria>Enterobacterales>Enterobacteriaceae>Citrobacter>unclassified&nbsp;Citrobacter"
"Citrobacter farmeri"	"S"	67824	4	NA	NA	2	1	2	NA	NA	1	2	2	NA	1	NA	4	1	"cellular&nbsp;organisms>Bacteria>Proteobacteria>Gammaproteobacteria>Enterobacterales>Enterobacteriaceae>Citrobacter"
"Kosakonia oryzae"	"S"	497725	1	NA	NA	1	NA	NA	1	NA	1	NA	NA	NA	NA	NA	NA	NA	"cellular&nbsp;organisms>Bacteria>Proteobacteria>Gammaproteobacteria>Enterobacterales>Enterobacteriaceae>Kosakonia"
"Atlantibacter hermannii"	"S"	565	5	NA	NA	2	NA	NA	1	NA	NA	NA	5	NA	NA	1	NA	NA	"cellular&nbsp;organisms>Bacteria>Proteobacteria>Gammaproteobacteria>Enterobacterales>Enterobacteriaceae>Atlantibacter"
"Lelliottia amnigena"	"S"	61646	2	NA	NA	1	NA	NA	1	NA	1	NA	2	NA	NA	2	2	NA	"cellular&nbsp;organisms>Bacteria>Proteobacteria>Gammaproteobacteria>Enterobacterales>Enterobacteriaceae>Lelliottia"
"Buttiauxella agrestis"	"S"	82977	1	NA	NA	1	NA	NA	NA	NA	NA	NA	NA	NA	NA	NA	NA	NA	"cellular&nbsp;organisms>Bacteria>Proteobacteria>Gammaproteobacteria>Enterobacterales>Enterobacteriaceae>Buttiauxella"
"Morganella morganii"	"S"	582	4	NA	NA	1	1	1	1	NA	1	NA	NA	1	NA	3	4	NA	"cellular&nbsp;organisms>Bacteria>Proteobacteria>Gammaproteobacteria>Enterobacterales>Morganellaceae>Morganella"
"Yersinia pseudotuberculosis"	"S"	633	3	NA	NA	2	NA	2	NA	NA	NA	NA	3	NA	1	1	1	NA	"cellular&nbsp;organisms>Bacteria>Proteobacteria>Gammaproteobacteria>Enterobacterales>Yersiniaceae>Yersinia>Yersinia&nbsp;pseudotuberculosis&nbsp;complex"
"Serratia plymuthica"	"S"	82996	2	NA	NA	2	NA	NA	NA	NA	NA	1	NA	NA	NA	NA	2	1	"cellular&nbsp;organisms>Bacteria>Proteobacteria>Gammaproteobacteria>Enterobacterales>Yersiniaceae>Serratia"
"Serratia sp. MYb239"	"S"	2033438	1	NA	NA	1	NA	NA	NA	NA	NA	NA	NA	NA	NA	NA	NA	1	"cellular&nbsp;organisms>Bacteria>Proteobacteria>Gammaproteobacteria>Enterobacterales>Yersiniaceae>Serratia>unclassified&nbsp;Serratia"
"Pectobacterium odoriferum"	"S"	78398	1	NA	NA	1	NA	NA	NA	NA	NA	NA	1	NA	NA	NA	1	NA	"cellular&nbsp;organisms>Bacteria>Proteobacteria>Gammaproteobacteria>Enterobacterales>Pectobacteriaceae>Pectobacterium"
"Pantoea stewartii"	"S"	66269	1	NA	NA	1	NA	NA	NA	NA	NA	NA	1	NA	NA	1	NA	NA	"cellular&nbsp;organisms>Bacteria>Proteobacteria>Gammaproteobacteria>Enterobacterales>Erwiniaceae>Pantoea"
"Vibrio sp. OG9-811"	"S"	2841925	1	NA	NA	1	NA	NA	NA	NA	NA	NA	1	NA	NA	NA	NA	NA	"cellular&nbsp;organisms>Bacteria>Proteobacteria>Gammaproteobacteria>Vibrionales>Vibrionaceae>Vibrio>unclassified&nbsp;Vibrio"
"Aliivibrio salmonicida"	"S"	40269	1	NA	NA	1	NA	NA	NA	NA	NA	NA	1	NA	NA	NA	NA	NA	"cellular&nbsp;organisms>Bacteria>Proteobacteria>Gammaproteobacteria>Vibrionales>Vibrionaceae>Aliivibrio"
"Shewanella sp. FJAT-53532"	"S"	2864203	1	NA	NA	1	NA	NA	NA	NA	NA	NA	NA	NA	NA	NA	NA	NA	"cellular&nbsp;organisms>Bacteria>Proteobacteria>Gammaproteobacteria>Alteromonadales>Shewanellaceae>Shewanella>unclassified&nbsp;Shewanella"
"Shewanella sp. SNU WT4"	"S"	2590015	1	NA	NA	1	NA	NA	NA	NA	NA	NA	NA	NA	NA	NA	NA	NA	"cellular&nbsp;organisms>Bacteria>Proteobacteria>Gammaproteobacteria>Alteromonadales>Shewanellaceae>Shewanella>unclassified&nbsp;Shewanella"
"Pseudomonas oleovorans"	"S"	301	1	NA	NA	1	NA	NA	NA	NA	NA	NA	NA	NA	NA	NA	NA	NA	"cellular&nbsp;organisms>Bacteria>Proteobacteria>Gammaproteobacteria>Pseudomonadales>Pseudomonadaceae>Pseudomonas>Pseudomonas&nbsp;aeruginosa&nbsp;group>Pseudomonas&nbsp;oleovorans/pseudoalcaligenes&nbsp;group"
"Pseudomonas fluorescens"	"S"	294	1	NA	NA	1	NA	NA	NA	NA	NA	NA	1	NA	NA	NA	NA	NA	"cellular&nbsp;organisms>Bacteria>Proteobacteria>Gammaproteobacteria>Pseudomonadales>Pseudomonadaceae>Pseudomonas>Pseudomonas&nbsp;fluorescens&nbsp;group"
"Pseudomonas alkylphenolica"	"S"	237609	1	NA	NA	1	1	NA	NA	NA	NA	NA	NA	NA	NA	NA	NA	NA	"cellular&nbsp;organisms>Bacteria>Proteobacteria>Gammaproteobacteria>Pseudomonadales>Pseudomonadaceae>Pseudomonas"
"Acinetobacter indicus"	"S"	756892	2	NA	NA	1	NA	NA	NA	NA	NA	NA	2	NA	NA	NA	NA	NA	"cellular&nbsp;organisms>Bacteria>Proteobacteria>Gammaproteobacteria>Pseudomonadales>Moraxellaceae>Acinetobacter"
"Acinetobacter sp. ACNIH2"	"S"	1758189	1	NA	NA	1	NA	NA	NA	NA	NA	NA	NA	NA	NA	NA	NA	NA	"cellular&nbsp;organisms>Bacteria>Proteobacteria>Gammaproteobacteria>Pseudomonadales>Moraxellaceae>Acinetobacter>unclassified&nbsp;Acinetobacter"
"Oceanisphaera profunda"	"S"	1416627	1	NA	NA	1	NA	NA	NA	NA	NA	NA	NA	NA	NA	NA	NA	NA	"cellular&nbsp;organisms>Bacteria>Proteobacteria>Gammaproteobacteria>Aeromonadales>Aeromonadaceae>Oceanisphaera"
"Xanthomonas axonopodis"	"S"	53413	1	NA	NA	1	NA	NA	NA	NA	NA	NA	NA	NA	NA	NA	NA	NA	"cellular&nbsp;organisms>Bacteria>Proteobacteria>Gammaproteobacteria>Xanthomonadales>Xanthomonadaceae>Xanthomonas"
"Stenotrophomonas maltophilia"	"S"	40324	1	NA	NA	1	NA	NA	NA	NA	NA	NA	NA	NA	NA	NA	NA	NA	"cellular&nbsp;organisms>Bacteria>Proteobacteria>Gammaproteobacteria>Xanthomonadales>Xanthomonadaceae>Stenotrophomonas>Stenotrophomonas&nbsp;maltophilia&nbsp;group"
"Oceanicoccus sagamiensis"	"S"	716816	1	NA	NA	1	NA	NA	NA	NA	NA	NA	NA	NA	NA	NA	NA	NA	"cellular&nbsp;organisms>Bacteria>Proteobacteria>Gammaproteobacteria>Cellvibrionales>Spongiibacteraceae>Oceanicoccus"
"Zhongshania aliphaticivorans"	"S"	1470434	1	NA	NA	1	NA	NA	NA	NA	NA	NA	NA	NA	NA	NA	NA	NA	"cellular&nbsp;organisms>Bacteria>Proteobacteria>Gammaproteobacteria>Cellvibrionales>Spongiibacteraceae>Zhongshania"
"Aquabacterium olei"	"S"	1296669	1	NA	NA	1	NA	NA	NA	NA	NA	NA	NA	NA	NA	NA	NA	NA	"cellular&nbsp;organisms>Bacteria>Proteobacteria>Betaproteobacteria>Burkholderiales>Burkholderiales&nbsp;genera&nbsp;incertae&nbsp;sedis>Aquabacterium"
"Glutamicibacter nicotianae"	"S"	37929	1	NA	NA	1	NA	NA	NA	NA	NA	NA	NA	NA	NA	NA	NA	NA	"cellular&nbsp;organisms>Bacteria>Terrabacteria&nbsp;group>Actinobacteria>Actinomycetia>Micrococcales>Micrococcaceae>Glutamicibacter"
"Klebsiella sp. WP4-W18-ESBL-05"	"S"	2675713	2	NA	NA	NA	1	NA	NA	NA	NA	NA	2	1	NA	NA	NA	NA	"cellular&nbsp;organisms>Bacteria>Proteobacteria>Gammaproteobacteria>Enterobacterales>Enterobacteriaceae>Klebsiella>unclassified&nbsp;Klebsiella"
"Enterobacter cloacae complex sp. ECL78"	"S"	2850492	2	NA	NA	NA	1	NA	NA	NA	NA	1	1	NA	1	2	1	NA	"cellular&nbsp;organisms>Bacteria>Proteobacteria>Gammaproteobacteria>Enterobacterales>Enterobacteriaceae>Enterobacter>Enterobacter&nbsp;cloacae&nbsp;complex>unclassified&nbsp;Enterobacter&nbsp;cloacae&nbsp;complex"
"Citrobacter youngae"	"S"	133448	3	NA	NA	NA	3	NA	NA	NA	1	NA	3	NA	NA	NA	1	1	"cellular&nbsp;organisms>Bacteria>Proteobacteria>Gammaproteobacteria>Enterobacterales>Enterobacteriaceae>Citrobacter>Citrobacter&nbsp;freundii&nbsp;complex"
"Citrobacter sp. RHBSTW-00678"	"S"	2742661	2	NA	NA	NA	2	1	1	NA	2	NA	1	NA	NA	NA	1	NA	"cellular&nbsp;organisms>Bacteria>Proteobacteria>Gammaproteobacteria>Enterobacterales>Enterobacteriaceae>Citrobacter>unclassified&nbsp;Citrobacter"
"Citrobacter sp. Y3"	"S"	2716879	1	NA	NA	NA	1	NA	NA	NA	NA	NA	NA	NA	NA	NA	1	NA	"cellular&nbsp;organisms>Bacteria>Proteobacteria>Gammaproteobacteria>Enterobacterales>Enterobacteriaceae>Citrobacter>unclassified&nbsp;Citrobacter"
"Citrobacter arsenatis"	"S"	2546350	1	NA	NA	NA	1	NA	1	NA	NA	NA	NA	NA	NA	NA	1	NA	"cellular&nbsp;organisms>Bacteria>Proteobacteria>Gammaproteobacteria>Enterobacterales>Enterobacteriaceae>Citrobacter"
"Cronobacter dublinensis"	"S"	413497	1	NA	NA	NA	1	1	NA	NA	NA	NA	1	NA	NA	1	1	NA	"cellular&nbsp;organisms>Bacteria>Proteobacteria>Gammaproteobacteria>Enterobacterales>Enterobacteriaceae>Cronobacter"
"secondary endosymbiont of Heteropsylla cubana"	"S"	134287	1	NA	NA	NA	1	NA	NA	NA	NA	NA	1	NA	NA	1	NA	NA	"cellular&nbsp;organisms>Bacteria>Proteobacteria>Gammaproteobacteria>Enterobacterales>Enterobacteriaceae>Enterobacteriaceae&nbsp;incertae&nbsp;sedis>ant,&nbsp;tsetse,&nbsp;mealybug,&nbsp;aphid,&nbsp;etc.&nbsp;endosymbionts>aphid&nbsp;secondary&nbsp;symbionts"
"Candidatus Doolittlea endobia"	"S"	1778262	1	NA	NA	NA	1	NA	NA	NA	NA	NA	NA	NA	NA	NA	NA	NA	"cellular&nbsp;organisms>Bacteria>Proteobacteria>Gammaproteobacteria>Enterobacterales>Enterobacteriaceae>Enterobacteriaceae&nbsp;incertae&nbsp;sedis>ant,&nbsp;tsetse,&nbsp;mealybug,&nbsp;aphid,&nbsp;etc.&nbsp;endosymbionts>Candidatus&nbsp;Doolittlea"
"Jejubacter calystegiae"	"S"	2579935	6	NA	NA	NA	1	NA	2	NA	NA	1	3	1	1	6	1	1	"cellular&nbsp;organisms>Bacteria>Proteobacteria>Gammaproteobacteria>Enterobacterales>Enterobacteriaceae>Jejubacter"
"Pseudescherichia vulneris"	"S"	566	1	NA	NA	NA	1	NA	NA	NA	NA	NA	NA	NA	NA	NA	NA	NA	"cellular&nbsp;organisms>Bacteria>Proteobacteria>Gammaproteobacteria>Enterobacterales>Enterobacteriaceae>Pseudescherichia"
"Candidatus Profftia tarda"	"S"	1177216	3	NA	NA	NA	1	NA	NA	NA	NA	NA	NA	1	NA	3	1	NA	"cellular&nbsp;organisms>Bacteria>Proteobacteria>Gammaproteobacteria>Enterobacterales>Enterobacteriaceae>Candidatus&nbsp;Profftia"
"Cedecea sp. FDAARGOS_727"	"S"	2545798	1	NA	NA	NA	1	NA	1	1	NA	NA	1	NA	NA	NA	1	NA	"cellular&nbsp;organisms>Bacteria>Proteobacteria>Gammaproteobacteria>Enterobacterales>Enterobacteriaceae>Cedecea>unclassified&nbsp;Cedecea"
"Proteus terrae"	"S"	1574161	1	NA	NA	NA	1	NA	NA	NA	NA	NA	NA	NA	NA	NA	NA	NA	"cellular&nbsp;organisms>Bacteria>Proteobacteria>Gammaproteobacteria>Enterobacterales>Morganellaceae>Proteus"
"Serratia sp. ATCC 39006"	"S"	104623	1	NA	NA	NA	1	NA	NA	NA	NA	NA	NA	NA	NA	NA	NA	NA	"cellular&nbsp;organisms>Bacteria>Proteobacteria>Gammaproteobacteria>Enterobacterales>Yersiniaceae>Serratia>unclassified&nbsp;Serratia"
"Serratia symbiotica"	"S"	138074	1	NA	NA	NA	1	1	NA	NA	NA	NA	NA	NA	NA	1	NA	NA	"cellular&nbsp;organisms>Bacteria>Proteobacteria>Gammaproteobacteria>Enterobacterales>Yersiniaceae>Serratia"
"Serratia liquefaciens"	"S"	614	1	NA	NA	NA	1	NA	NA	NA	NA	NA	NA	NA	NA	1	NA	NA	"cellular&nbsp;organisms>Bacteria>Proteobacteria>Gammaproteobacteria>Enterobacterales>Yersiniaceae>Serratia"
"Rouxiella badensis"	"S"	1646377	1	NA	NA	NA	1	NA	NA	NA	1	NA	NA	NA	1	NA	NA	NA	"cellular&nbsp;organisms>Bacteria>Proteobacteria>Gammaproteobacteria>Enterobacterales>Yersiniaceae>Rouxiella"
"Dickeya sp. NCPPB 3274"	"S"	568766	1	NA	NA	NA	1	NA	NA	NA	NA	NA	NA	1	NA	1	NA	NA	"cellular&nbsp;organisms>Bacteria>Proteobacteria>Gammaproteobacteria>Enterobacterales>Pectobacteriaceae>Dickeya>unclassified&nbsp;Dickeya"
"Erwinia tasmaniensis"	"S"	338565	1	NA	NA	NA	1	NA	1	NA	NA	NA	NA	NA	NA	NA	NA	NA	"cellular&nbsp;organisms>Bacteria>Proteobacteria>Gammaproteobacteria>Enterobacterales>Erwiniaceae>Erwinia"
"Hafnia alvei"	"S"	569	3	NA	NA	NA	1	NA	NA	NA	NA	NA	3	NA	NA	NA	NA	NA	"cellular&nbsp;organisms>Bacteria>Proteobacteria>Gammaproteobacteria>Enterobacterales>Hafniaceae>Hafnia"
"Pseudomonas syringae"	"S"	317	3	NA	NA	NA	3	NA	NA	NA	NA	NA	NA	NA	NA	NA	2	1	"cellular&nbsp;organisms>Bacteria>Proteobacteria>Gammaproteobacteria>Pseudomonadales>Pseudomonadaceae>Pseudomonas>Pseudomonas&nbsp;syringae&nbsp;group>Pseudomonas&nbsp;syringae&nbsp;group&nbsp;genomosp.&nbsp;1"
"Pseudomonas multiresinivorans"	"S"	95301	1	NA	NA	NA	1	NA	NA	NA	NA	NA	NA	NA	NA	NA	NA	NA	"cellular&nbsp;organisms>Bacteria>Proteobacteria>Gammaproteobacteria>Pseudomonadales>Pseudomonadaceae>Pseudomonas>Pseudomonas&nbsp;aeruginosa&nbsp;group>Pseudomonas&nbsp;nitroreducens/multiresinivorans&nbsp;group"
"Pseudomonas kribbensis"	"S"	1628086	1	NA	NA	NA	1	NA	NA	NA	NA	NA	NA	NA	NA	NA	NA	NA	"cellular&nbsp;organisms>Bacteria>Proteobacteria>Gammaproteobacteria>Pseudomonadales>Pseudomonadaceae>Pseudomonas"
"Pseudomonas putida"	"S"	303	2	NA	NA	NA	1	NA	1	NA	NA	NA	2	NA	1	NA	NA	1	"cellular&nbsp;organisms>Bacteria>Proteobacteria>Gammaproteobacteria>Pseudomonadales>Pseudomonadaceae>Pseudomonas>Pseudomonas&nbsp;putida&nbsp;group"
"Azotobacter vinelandii"	"S"	354	2	NA	NA	NA	1	1	1	NA	NA	NA	NA	NA	NA	NA	1	2	"cellular&nbsp;organisms>Bacteria>Proteobacteria>Gammaproteobacteria>Pseudomonadales>Pseudomonadaceae>Azotobacter&nbsp;group>Azotobacter"
"Acinetobacter towneri"	"S"	202956	1	NA	NA	NA	1	NA	NA	NA	NA	NA	NA	NA	NA	NA	NA	NA	"cellular&nbsp;organisms>Bacteria>Proteobacteria>Gammaproteobacteria>Pseudomonadales>Moraxellaceae>Acinetobacter"
"Aeromonas dhakensis"	"S"	196024	1	NA	NA	NA	1	NA	NA	NA	1	NA	NA	NA	1	NA	NA	NA	"cellular&nbsp;organisms>Bacteria>Proteobacteria>Gammaproteobacteria>Aeromonadales>Aeromonadaceae>Aeromonas"
"Sulfurivermis fontis"	"S"	1972068	1	NA	NA	NA	1	NA	NA	NA	1	NA	NA	NA	NA	NA	NA	NA	"cellular&nbsp;organisms>Bacteria>Proteobacteria>Gammaproteobacteria>Chromatiales>Thioalkalispiraceae>Sulfurivermis"
"Agarivorans aestuarii"	"S"	1563703	1	NA	NA	NA	1	NA	NA	NA	NA	NA	1	NA	NA	NA	1	NA	"cellular&nbsp;organisms>Bacteria>Proteobacteria>Gammaproteobacteria>Alteromonadales>Alteromonadaceae>Agarivorans"
"Aureimonas populi"	"S"	1701758	1	NA	NA	NA	1	NA	NA	NA	NA	NA	NA	NA	NA	NA	NA	NA	"cellular&nbsp;organisms>Bacteria>Proteobacteria>Alphaproteobacteria>Hyphomicrobiales>Aurantimonadaceae>Aureimonas"
"Faecalibacterium prausnitzii"	"S"	853	4	NA	NA	NA	4	1	NA	NA	NA	NA	1	NA	NA	NA	1	NA	"cellular&nbsp;organisms>Bacteria>Terrabacteria&nbsp;group>Firmicutes>Clostridia>Eubacteriales>Oscillospiraceae>Faecalibacterium"
"Oscillibacter sp. MM50"	"S"	2714355	1	NA	NA	NA	1	NA	NA	NA	NA	NA	NA	NA	NA	NA	NA	NA	"cellular&nbsp;organisms>Bacteria>Terrabacteria&nbsp;group>Firmicutes>Clostridia>Eubacteriales>Oscillospiraceae>Oscillibacter>unclassified&nbsp;Oscillibacter"
"Lachnospira eligens"	"S"	39485	1	NA	NA	NA	1	NA	NA	NA	NA	NA	NA	NA	NA	NA	NA	NA	"cellular&nbsp;organisms>Bacteria>Terrabacteria&nbsp;group>Firmicutes>Clostridia>Eubacteriales>Lachnospiraceae>Lachnospira"
"Blautia sp. SC05B48"	"S"	2479767	1	NA	NA	NA	1	NA	1	NA	NA	NA	1	NA	NA	NA	NA	NA	"cellular&nbsp;organisms>Bacteria>Terrabacteria&nbsp;group>Firmicutes>Clostridia>Eubacteriales>Lachnospiraceae>Blautia>unclassified&nbsp;Blautia"
"Christensenella sp. Marseille-P3954"	"S"	2086585	1	NA	NA	NA	1	NA	NA	NA	NA	NA	NA	NA	NA	NA	NA	NA	"cellular&nbsp;organisms>Bacteria>Terrabacteria&nbsp;group>Firmicutes>Clostridia>Eubacteriales>Christensenellaceae>Christensenella>unclassified&nbsp;Christensenella"
"Bifidobacterium adolescentis"	"S"	1680	1	NA	NA	NA	1	NA	NA	NA	NA	NA	NA	NA	NA	NA	NA	NA	"cellular&nbsp;organisms>Bacteria>Terrabacteria&nbsp;group>Actinobacteria>Actinomycetia>Bifidobacteriales>Bifidobacteriaceae>Bifidobacterium"
"Auritidibacter sp. NML130574"	"S"	2170745	1	NA	NA	NA	1	NA	NA	NA	NA	NA	NA	NA	NA	NA	NA	NA	"cellular&nbsp;organisms>Bacteria>Terrabacteria&nbsp;group>Actinobacteria>Actinomycetia>Micrococcales>Micrococcaceae>Auritidibacter>unclassified&nbsp;Auritidibacter"
"Streptomyces globosus"	"S"	68209	1	NA	NA	NA	1	NA	NA	NA	NA	NA	NA	NA	NA	NA	NA	NA	"cellular&nbsp;organisms>Bacteria>Terrabacteria&nbsp;group>Actinobacteria>Actinomycetia>Streptomycetales>Streptomycetaceae>Streptomyces"
"Collinsella aerofaciens"	"S"	74426	1	NA	NA	NA	1	NA	NA	NA	NA	NA	NA	NA	NA	NA	NA	NA	"cellular&nbsp;organisms>Bacteria>Terrabacteria&nbsp;group>Actinobacteria>Coriobacteriia>Coriobacteriales>Coriobacteriaceae>Collinsella"
"Prevotella ruminicola"	"S"	839	1	NA	NA	NA	1	NA	NA	NA	NA	NA	NA	NA	NA	NA	NA	NA	"cellular&nbsp;organisms>Bacteria>FCB&nbsp;group>Bacteroidetes/Chlorobi&nbsp;group>Bacteroidetes>Bacteroidia>Bacteroidales>Prevotellaceae>Prevotella"
"Coprobacter secundus"	"S"	1501392	1	NA	NA	NA	1	NA	NA	NA	NA	NA	NA	NA	NA	NA	NA	NA	"cellular&nbsp;organisms>Bacteria>FCB&nbsp;group>Bacteroidetes/Chlorobi&nbsp;group>Bacteroidetes>Bacteroidia>Bacteroidales>Barnesiellaceae>Coprobacter"
"Parabacteroides distasonis"	"S"	823	1	NA	NA	NA	1	NA	NA	NA	NA	NA	NA	NA	NA	NA	NA	NA	"cellular&nbsp;organisms>Bacteria>FCB&nbsp;group>Bacteroidetes/Chlorobi&nbsp;group>Bacteroidetes>Bacteroidia>Bacteroidales>Tannerellaceae>Parabacteroides"
"Enterobacter cancerogenus"	"S"	69218	2	NA	NA	NA	NA	1	NA	NA	NA	NA	NA	NA	NA	2	1	NA	"cellular&nbsp;organisms>Bacteria>Proteobacteria>Gammaproteobacteria>Enterobacterales>Enterobacteriaceae>Enterobacter>Enterobacter&nbsp;cloacae&nbsp;complex"
"Enterobacter sp. 18A13"	"S"	2565914	3	NA	NA	NA	NA	1	1	NA	1	NA	2	NA	NA	NA	3	1	"cellular&nbsp;organisms>Bacteria>Proteobacteria>Gammaproteobacteria>Enterobacterales>Enterobacteriaceae>Enterobacter>unclassified&nbsp;Enterobacter"
"Citrobacter freundii complex sp. CFNIH9"	"S"	2077149	2	NA	NA	NA	NA	2	NA	NA	2	NA	NA	NA	NA	NA	1	2	"cellular&nbsp;organisms>Bacteria>Proteobacteria>Gammaproteobacteria>Enterobacterales>Enterobacteriaceae>Citrobacter>Citrobacter&nbsp;freundii&nbsp;complex>unclassified&nbsp;Citrobacter&nbsp;freundii&nbsp;complex"
"Citrobacter sp. CFNIH10"	"S"	1920110	3	NA	NA	NA	NA	1	NA	NA	NA	NA	NA	NA	NA	NA	3	NA	"cellular&nbsp;organisms>Bacteria>Proteobacteria>Gammaproteobacteria>Enterobacterales>Enterobacteriaceae>Citrobacter>unclassified&nbsp;Citrobacter"
"Kosakonia cowanii"	"S"	208223	2	NA	NA	NA	NA	1	NA	NA	NA	NA	2	NA	NA	NA	NA	NA	"cellular&nbsp;organisms>Bacteria>Proteobacteria>Gammaproteobacteria>Enterobacterales>Enterobacteriaceae>Kosakonia"
"Kosakonia sacchari"	"S"	1158459	1	NA	NA	NA	NA	1	NA	NA	NA	NA	1	NA	NA	NA	NA	NA	"cellular&nbsp;organisms>Bacteria>Proteobacteria>Gammaproteobacteria>Enterobacterales>Enterobacteriaceae>Kosakonia"
"Buttiauxella sp. 3AFRM03"	"S"	2479367	1	NA	NA	NA	NA	1	1	NA	NA	NA	1	NA	NA	1	NA	NA	"cellular&nbsp;organisms>Bacteria>Proteobacteria>Gammaproteobacteria>Enterobacterales>Enterobacteriaceae>Buttiauxella>unclassified&nbsp;Buttiauxella"
"Pectobacterium parmentieri"	"S"	1905730	1	NA	NA	NA	NA	1	1	NA	NA	NA	1	NA	1	NA	NA	NA	"cellular&nbsp;organisms>Bacteria>Proteobacteria>Gammaproteobacteria>Enterobacterales>Pectobacteriaceae>Pectobacterium"
"Chania multitudinisentens"	"S"	1639108	1	NA	NA	NA	NA	1	NA	NA	NA	NA	NA	NA	NA	NA	NA	NA	"cellular&nbsp;organisms>Bacteria>Proteobacteria>Gammaproteobacteria>Enterobacterales>Yersiniaceae>Chania"
"Pantoea agglomerans"	"S"	549	1	NA	NA	NA	NA	1	NA	NA	NA	NA	NA	NA	NA	NA	NA	NA	"cellular&nbsp;organisms>Bacteria>Proteobacteria>Gammaproteobacteria>Enterobacterales>Erwiniaceae>Pantoea>Pantoea&nbsp;agglomerans&nbsp;group"
"Candidatus Sodalis pierantonius"	"S"	1486991	1	NA	NA	NA	NA	1	NA	NA	NA	NA	NA	NA	NA	NA	1	NA	"cellular&nbsp;organisms>Bacteria>Proteobacteria>Gammaproteobacteria>Enterobacterales>Bruguierivoracaceae>Sodalis"
"Xanthomonas phaseoli"	"S"	1985254	1	NA	NA	NA	NA	1	NA	NA	NA	1	NA	NA	NA	NA	NA	NA	"cellular&nbsp;organisms>Bacteria>Proteobacteria>Gammaproteobacteria>Xanthomonadales>Xanthomonadaceae>Xanthomonas"
"Pseudomonas umsongensis"	"S"	198618	1	NA	NA	NA	NA	1	NA	NA	NA	NA	NA	NA	NA	NA	NA	NA	"cellular&nbsp;organisms>Bacteria>Proteobacteria>Gammaproteobacteria>Pseudomonadales>Pseudomonadaceae>Pseudomonas"
"Aeromonas sp. FDAARGOS 1406"	"S"	2778055	1	NA	NA	NA	NA	1	NA	NA	NA	NA	NA	NA	NA	NA	NA	NA	"cellular&nbsp;organisms>Bacteria>Proteobacteria>Gammaproteobacteria>Aeromonadales>Aeromonadaceae>Aeromonas>unclassified&nbsp;Aeromonas"
"Halothiobacillus neapolitanus"	"S"	927	1	NA	NA	NA	NA	1	NA	NA	NA	NA	NA	NA	NA	NA	1	NA	"cellular&nbsp;organisms>Bacteria>Proteobacteria>Gammaproteobacteria>Chromatiales>Halothiobacillaceae>Halothiobacillus"
"Alteromonas naphthalenivorans"	"S"	715451	1	NA	NA	NA	NA	1	NA	NA	NA	NA	NA	NA	NA	NA	NA	NA	"cellular&nbsp;organisms>Bacteria>Proteobacteria>Gammaproteobacteria>Alteromonadales>Alteromonadaceae>Alteromonas"
"Marivivens sp. JLT3646"	"S"	1920883	1	NA	NA	NA	NA	1	NA	NA	NA	NA	NA	NA	NA	NA	NA	NA	"cellular&nbsp;organisms>Bacteria>Proteobacteria>Alphaproteobacteria>Rhodobacterales>Rhodobacteraceae>Marivivens>unclassified&nbsp;Marivivens"
"Dysosmobacter welbionis"	"S"	2093857	1	NA	NA	NA	NA	1	NA	NA	NA	NA	NA	NA	NA	NA	NA	NA	"cellular&nbsp;organisms>Bacteria>Terrabacteria&nbsp;group>Firmicutes>Clostridia>Eubacteriales>Oscillospiraceae>Dysosmobacter"
"Klebsiella sp. P1954"	"S"	2829835	1	NA	NA	NA	NA	NA	1	NA	NA	NA	NA	NA	NA	NA	NA	NA	"cellular&nbsp;organisms>Bacteria>Proteobacteria>Gammaproteobacteria>Enterobacterales>Enterobacteriaceae>Klebsiella>unclassified&nbsp;Klebsiella"
"Escherichia sp. SCLE84"	"S"	2725997	1	NA	NA	NA	NA	NA	1	NA	NA	NA	NA	NA	NA	NA	NA	NA	"cellular&nbsp;organisms>Bacteria>Proteobacteria>Gammaproteobacteria>Enterobacterales>Enterobacteriaceae>Escherichia>unclassified&nbsp;Escherichia"
"Enterobacter sp. N18-03635"	"S"	2500132	1	NA	NA	NA	NA	NA	1	NA	NA	NA	NA	NA	NA	NA	NA	NA	"cellular&nbsp;organisms>Bacteria>Proteobacteria>Gammaproteobacteria>Enterobacterales>Enterobacteriaceae>Enterobacter>unclassified&nbsp;Enterobacter"
"Enterobacter sp. SA187"	"S"	1914861	1	NA	NA	NA	NA	NA	1	NA	NA	NA	NA	NA	NA	NA	NA	1	"cellular&nbsp;organisms>Bacteria>Proteobacteria>Gammaproteobacteria>Enterobacterales>Enterobacteriaceae>Enterobacter>unclassified&nbsp;Enterobacter"
"Citrobacter sp. RHBSTW-00229"	"S"	2742641	1	NA	NA	NA	NA	NA	1	NA	1	NA	NA	NA	NA	NA	NA	NA	"cellular&nbsp;organisms>Bacteria>Proteobacteria>Gammaproteobacteria>Enterobacterales>Enterobacteriaceae>Citrobacter>unclassified&nbsp;Citrobacter"
"Citrobacter sp. RHBSTW-00881"	"S"	2742667	2	NA	NA	NA	NA	NA	1	NA	NA	NA	1	NA	2	NA	NA	1	"cellular&nbsp;organisms>Bacteria>Proteobacteria>Gammaproteobacteria>Enterobacterales>Enterobacteriaceae>Citrobacter>unclassified&nbsp;Citrobacter"
"Citrobacter sp. LUTT5"	"S"	2697370	1	NA	NA	NA	NA	NA	1	NA	NA	1	NA	NA	NA	NA	NA	NA	"cellular&nbsp;organisms>Bacteria>Proteobacteria>Gammaproteobacteria>Enterobacterales>Enterobacteriaceae>Citrobacter>unclassified&nbsp;Citrobacter"
"Citrobacter sp. RHBSTW-00599"	"S"	2742657	1	NA	NA	NA	NA	NA	1	NA	NA	NA	NA	NA	NA	NA	NA	NA	"cellular&nbsp;organisms>Bacteria>Proteobacteria>Gammaproteobacteria>Enterobacterales>Enterobacteriaceae>Citrobacter>unclassified&nbsp;Citrobacter"
"Citrobacter sp. RHBSTW-00446"	"S"	2742648	1	NA	NA	NA	NA	NA	1	NA	NA	NA	NA	NA	NA	NA	1	1	"cellular&nbsp;organisms>Bacteria>Proteobacteria>Gammaproteobacteria>Enterobacterales>Enterobacteriaceae>Citrobacter>unclassified&nbsp;Citrobacter"
"[Enterobacter] lignolyticus"	"S"	1334193	5	NA	NA	NA	NA	NA	2	NA	NA	NA	1	1	NA	1	5	NA	"cellular&nbsp;organisms>Bacteria>Proteobacteria>Gammaproteobacteria>Enterobacterales>Enterobacteriaceae>Pluralibacter"
"Candidatus Symbiopectobacterium sp. SyEd1"	"S"	2871826	2	NA	NA	NA	NA	NA	2	NA	1	NA	2	NA	NA	NA	2	NA	"cellular&nbsp;organisms>Bacteria>Proteobacteria>Gammaproteobacteria>Enterobacterales>Enterobacteriaceae>Enterobacteriaceae&nbsp;incertae&nbsp;sedis>ant,&nbsp;tsetse,&nbsp;mealybug,&nbsp;aphid,&nbsp;etc.&nbsp;endosymbionts>Candidatus&nbsp;Symbiopectobacterium>unclassified&nbsp;Candidatus&nbsp;Symbiopectobacterium"
"Leclercia sp. Colony189"	"S"	2681309	1	NA	NA	NA	NA	NA	1	NA	NA	NA	NA	NA	NA	NA	NA	NA	"cellular&nbsp;organisms>Bacteria>Proteobacteria>Gammaproteobacteria>Enterobacterales>Enterobacteriaceae>Leclercia>unclassified&nbsp;Leclercia"
"Gibbsiella quercinecans"	"S"	929813	1	NA	NA	NA	NA	NA	1	NA	NA	NA	NA	NA	NA	NA	NA	NA	"cellular&nbsp;organisms>Bacteria>Proteobacteria>Gammaproteobacteria>Enterobacterales>Yersiniaceae>Gibbsiella"
"Dickeya poaceiphila"	"S"	568768	1	NA	NA	NA	NA	NA	1	NA	1	NA	NA	NA	NA	NA	NA	NA	"cellular&nbsp;organisms>Bacteria>Proteobacteria>Gammaproteobacteria>Enterobacterales>Pectobacteriaceae>Dickeya"
"Pantoea dispersa"	"S"	59814	1	NA	NA	NA	NA	NA	1	NA	NA	NA	NA	NA	NA	NA	NA	NA	"cellular&nbsp;organisms>Bacteria>Proteobacteria>Gammaproteobacteria>Enterobacterales>Erwiniaceae>Pantoea"
"Pantoea sp. MSR2"	"S"	2052056	1	NA	NA	NA	NA	NA	1	NA	NA	NA	NA	NA	NA	NA	1	NA	"cellular&nbsp;organisms>Bacteria>Proteobacteria>Gammaproteobacteria>Enterobacterales>Erwiniaceae>Pantoea>unclassified&nbsp;Pantoea"
"Pseudomonas synxantha"	"S"	47883	1	NA	NA	NA	NA	NA	1	NA	1	NA	NA	NA	NA	1	1	NA	"cellular&nbsp;organisms>Bacteria>Proteobacteria>Gammaproteobacteria>Pseudomonadales>Pseudomonadaceae>Pseudomonas>Pseudomonas&nbsp;fluorescens&nbsp;group"
"Moraxella osloensis"	"S"	34062	1	NA	NA	NA	NA	NA	1	NA	NA	NA	NA	NA	NA	NA	NA	NA	"cellular&nbsp;organisms>Bacteria>Proteobacteria>Gammaproteobacteria>Pseudomonadales>Moraxellaceae>Moraxella"
"Xanthomonas fragariae"	"S"	48664	2	NA	NA	NA	NA	NA	2	NA	1	1	2	NA	NA	2	1	NA	"cellular&nbsp;organisms>Bacteria>Proteobacteria>Gammaproteobacteria>Xanthomonadales>Xanthomonadaceae>Xanthomonas"
"Ahniella affigens"	"S"	2021234	1	NA	NA	NA	NA	NA	1	NA	NA	NA	NA	NA	NA	NA	NA	1	"cellular&nbsp;organisms>Bacteria>Proteobacteria>Gammaproteobacteria>Xanthomonadales>Rhodanobacteraceae>Ahniella"
"Aeromonas sp. FDAARGOS 1403"	"S"	2778052	1	NA	NA	NA	NA	NA	1	NA	NA	NA	NA	NA	NA	NA	NA	NA	"cellular&nbsp;organisms>Bacteria>Proteobacteria>Gammaproteobacteria>Aeromonadales>Aeromonadaceae>Aeromonas>unclassified&nbsp;Aeromonas"
"Delftia lacustris"	"S"	558537	1	NA	NA	NA	NA	NA	1	NA	NA	NA	NA	NA	NA	NA	NA	NA	"cellular&nbsp;organisms>Bacteria>Proteobacteria>Betaproteobacteria>Burkholderiales>Comamonadaceae>Delftia"
"Denitratisoma oestradiolicum"	"S"	311182	2	NA	NA	NA	NA	NA	1	NA	NA	NA	2	NA	NA	NA	1	NA	"cellular&nbsp;organisms>Bacteria>Proteobacteria>Betaproteobacteria>Nitrosomonadales>Sterolibacteriaceae>Denitratisoma"
"Rhodopseudomonas palustris"	"S"	1076	1	NA	NA	NA	NA	NA	1	NA	1	NA	NA	NA	NA	NA	NA	NA	"cellular&nbsp;organisms>Bacteria>Proteobacteria>Alphaproteobacteria>Hyphomicrobiales>Bradyrhizobiaceae>Rhodopseudomonas"
"Devosia ginsengisoli"	"S"	400770	1	NA	NA	NA	NA	NA	1	NA	NA	NA	NA	NA	NA	NA	NA	NA	"cellular&nbsp;organisms>Bacteria>Proteobacteria>Alphaproteobacteria>Hyphomicrobiales>Devosiaceae>Devosia"
"Desulfovibrio desulfuricans"	"S"	876	1	NA	NA	NA	NA	NA	1	NA	NA	NA	NA	NA	NA	NA	NA	NA	"cellular&nbsp;organisms>Bacteria>Proteobacteria>delta/epsilon&nbsp;subdivisions>Deltaproteobacteria>Desulfovibrionales>Desulfovibrionaceae>Desulfovibrio"
"Citricoccus sp. SGAir0253"	"S"	2567881	1	NA	NA	NA	NA	NA	1	NA	NA	NA	NA	NA	NA	NA	NA	NA	"cellular&nbsp;organisms>Bacteria>Terrabacteria&nbsp;group>Actinobacteria>Actinomycetia>Micrococcales>Micrococcaceae>Citricoccus>unclassified&nbsp;Citricoccus"
"Trueperella pyogenes"	"S"	1661	1	NA	NA	NA	NA	NA	1	NA	NA	NA	NA	NA	NA	1	NA	NA	"cellular&nbsp;organisms>Bacteria>Terrabacteria&nbsp;group>Actinobacteria>Actinomycetia>Actinomycetales>Actinomycetaceae>Trueperella"
"Streptococcus pneumoniae"	"S"	1313	1	NA	NA	NA	NA	NA	1	NA	NA	NA	NA	NA	NA	NA	NA	NA	"cellular&nbsp;organisms>Bacteria>Terrabacteria&nbsp;group>Firmicutes>Bacilli>Lactobacillales>Streptococcaceae>Streptococcus"
"Wolbachia endosymbiont of Drosophila simulans"	"S"	77038	2	NA	NA	NA	NA	NA	NA	2	NA	NA	NA	NA	NA	NA	NA	NA	"cellular&nbsp;organisms>Bacteria>Proteobacteria>Alphaproteobacteria>Rickettsiales>Anaplasmataceae>Wolbachieae>Wolbachia>unclassified&nbsp;Wolbachia"
"Wolbachia endosymbiont of Drosophila melanogaster"	"S"	163164	2	NA	NA	NA	NA	NA	NA	2	NA	NA	NA	NA	NA	NA	NA	NA	"cellular&nbsp;organisms>Bacteria>Proteobacteria>Alphaproteobacteria>Rickettsiales>Anaplasmataceae>Wolbachieae>Wolbachia>unclassified&nbsp;Wolbachia"
"Wolbachia endosymbiont of Ceratosolen solmsi"	"S"	497299	1	NA	NA	NA	NA	NA	NA	1	NA	NA	NA	NA	NA	NA	NA	NA	"cellular&nbsp;organisms>Bacteria>Proteobacteria>Alphaproteobacteria>Rickettsiales>Anaplasmataceae>Wolbachieae>Wolbachia>unclassified&nbsp;Wolbachia"
"Wolbachia endosymbiont of Litomosoides sigmodontis"	"S"	80850	1	NA	NA	NA	NA	NA	NA	1	NA	NA	NA	NA	NA	NA	NA	NA	"cellular&nbsp;organisms>Bacteria>Proteobacteria>Alphaproteobacteria>Rickettsiales>Anaplasmataceae>Wolbachieae>Wolbachia>unclassified&nbsp;Wolbachia"
"Wolbachia pipientis"	"S"	955	2	NA	NA	NA	NA	NA	NA	2	NA	NA	NA	NA	NA	NA	NA	NA	"cellular&nbsp;organisms>Bacteria>Proteobacteria>Alphaproteobacteria>Rickettsiales>Anaplasmataceae>Wolbachieae>Wolbachia"
"Candidatus Wolbachia massiliensis"	"S"	1845000	1	NA	NA	NA	NA	NA	NA	1	NA	NA	NA	NA	NA	NA	NA	NA	"cellular&nbsp;organisms>Bacteria>Proteobacteria>Alphaproteobacteria>Rickettsiales>Anaplasmataceae>Wolbachieae>Wolbachia"
"Enterococcus faecalis"	"S"	1351	1148	NA	NA	NA	NA	NA	NA	1148	NA	NA	1	NA	NA	NA	NA	NA	"cellular&nbsp;organisms>Bacteria>Terrabacteria&nbsp;group>Firmicutes>Bacilli>Lactobacillales>Enterococcaceae>Enterococcus"
"Enterococcus avium"	"S"	33945	347	NA	NA	NA	NA	NA	NA	347	NA	NA	NA	NA	NA	NA	NA	NA	"cellular&nbsp;organisms>Bacteria>Terrabacteria&nbsp;group>Firmicutes>Bacilli>Lactobacillales>Enterococcaceae>Enterococcus"
"Enterococcus gilvus"	"S"	160453	16	NA	NA	NA	NA	NA	NA	16	NA	NA	NA	NA	NA	NA	NA	NA	"cellular&nbsp;organisms>Bacteria>Terrabacteria&nbsp;group>Firmicutes>Bacilli>Lactobacillales>Enterococcaceae>Enterococcus"
"Enterococcus faecium"	"S"	1352	3	NA	NA	NA	NA	NA	NA	3	NA	NA	NA	NA	NA	NA	NA	NA	"cellular&nbsp;organisms>Bacteria>Terrabacteria&nbsp;group>Firmicutes>Bacilli>Lactobacillales>Enterococcaceae>Enterococcus"
"Enterococcus gallinarum"	"S"	1353	1	NA	NA	NA	NA	NA	NA	1	NA	NA	NA	NA	NA	NA	NA	NA	"cellular&nbsp;organisms>Bacteria>Terrabacteria&nbsp;group>Firmicutes>Bacilli>Lactobacillales>Enterococcaceae>Enterococcus"
"Streptococcus lactarius"	"S"	684066	1	NA	NA	NA	NA	NA	NA	1	NA	NA	NA	NA	NA	NA	NA	NA	"cellular&nbsp;organisms>Bacteria>Terrabacteria&nbsp;group>Firmicutes>Bacilli>Lactobacillales>Streptococcaceae>Streptococcus"
"Staphylococcus aureus"	"S"	1280	1	NA	NA	NA	NA	NA	NA	1	NA	NA	NA	NA	NA	NA	NA	NA	"cellular&nbsp;organisms>Bacteria>Terrabacteria&nbsp;group>Firmicutes>Bacilli>Bacillales>Staphylococcaceae>Staphylococcus"
"Enterobacter sp. ODB01"	"S"	1827481	1	NA	NA	NA	NA	NA	NA	NA	1	NA	NA	NA	1	NA	NA	1	"cellular&nbsp;organisms>Bacteria>Proteobacteria>Gammaproteobacteria>Enterobacterales>Enterobacteriaceae>Enterobacter>unclassified&nbsp;Enterobacter"
"Enterobacter bugandensis"	"S"	881260	3	NA	NA	NA	NA	NA	NA	NA	1	NA	1	NA	NA	NA	3	NA	"cellular&nbsp;organisms>Bacteria>Proteobacteria>Gammaproteobacteria>Enterobacterales>Enterobacteriaceae>Enterobacter"
"Citrobacter sp. RHBSTW-00524"	"S"	2742653	1	NA	NA	NA	NA	NA	NA	NA	1	NA	NA	NA	1	NA	1	1	"cellular&nbsp;organisms>Bacteria>Proteobacteria>Gammaproteobacteria>Enterobacterales>Enterobacteriaceae>Citrobacter>unclassified&nbsp;Citrobacter"
"Citrobacter sp. RHBSTW-00821"	"S"	2742663	1	NA	NA	NA	NA	NA	NA	NA	1	NA	NA	NA	NA	NA	NA	NA	"cellular&nbsp;organisms>Bacteria>Proteobacteria>Gammaproteobacteria>Enterobacterales>Enterobacteriaceae>Citrobacter>unclassified&nbsp;Citrobacter"
"Salmonella bongori"	"S"	54736	1	NA	NA	NA	NA	NA	NA	NA	1	NA	1	NA	1	NA	1	NA	"cellular&nbsp;organisms>Bacteria>Proteobacteria>Gammaproteobacteria>Enterobacterales>Enterobacteriaceae>Salmonella"
"Kosakonia sp. SMBL-WEM22"	"S"	2725560	2	NA	NA	NA	NA	NA	NA	NA	2	NA	2	NA	NA	NA	2	NA	"cellular&nbsp;organisms>Bacteria>Proteobacteria>Gammaproteobacteria>Enterobacterales>Enterobacteriaceae>Kosakonia>unclassified&nbsp;Kosakonia"
"Cedecea neteri"	"S"	158822	1	NA	NA	NA	NA	NA	NA	NA	1	NA	1	NA	NA	1	NA	NA	"cellular&nbsp;organisms>Bacteria>Proteobacteria>Gammaproteobacteria>Enterobacterales>Enterobacteriaceae>Cedecea"
"Kluyvera genomosp. 3"	"S"	2774055	1	NA	NA	NA	NA	NA	NA	NA	1	NA	NA	NA	NA	1	NA	NA	"cellular&nbsp;organisms>Bacteria>Proteobacteria>Gammaproteobacteria>Enterobacterales>Enterobacteriaceae>Kluyvera"
"Yersinia massiliensis"	"S"	419257	1	NA	NA	NA	NA	NA	NA	NA	1	NA	NA	NA	NA	NA	NA	NA	"cellular&nbsp;organisms>Bacteria>Proteobacteria>Gammaproteobacteria>Enterobacterales>Yersiniaceae>Yersinia"
"Rahnella aquatilis"	"S"	34038	1	NA	NA	NA	NA	NA	NA	NA	1	NA	NA	NA	NA	NA	NA	NA	"cellular&nbsp;organisms>Bacteria>Proteobacteria>Gammaproteobacteria>Enterobacterales>Yersiniaceae>Rahnella"
"Erwinia gerundensis"	"S"	1619313	1	NA	NA	NA	NA	NA	NA	NA	1	NA	NA	NA	NA	NA	NA	NA	"cellular&nbsp;organisms>Bacteria>Proteobacteria>Gammaproteobacteria>Enterobacterales>Erwiniaceae>Erwinia"
"Pseudomonas rhodesiae"	"S"	76760	1	NA	NA	NA	NA	NA	NA	NA	1	NA	NA	NA	NA	NA	NA	NA	"cellular&nbsp;organisms>Bacteria>Proteobacteria>Gammaproteobacteria>Pseudomonadales>Pseudomonadaceae>Pseudomonas>Pseudomonas&nbsp;fluorescens&nbsp;group"
"Pseudomonas sp. SWI7"	"S"	2587597	1	NA	NA	NA	NA	NA	NA	NA	1	NA	NA	NA	NA	NA	NA	NA	"cellular&nbsp;organisms>Bacteria>Proteobacteria>Gammaproteobacteria>Pseudomonadales>Pseudomonadaceae>Pseudomonas>unclassified&nbsp;Pseudomonas"
"Alicycliphilus denitrificans"	"S"	179636	1	NA	NA	NA	NA	NA	NA	NA	1	NA	NA	NA	NA	NA	NA	NA	"cellular&nbsp;organisms>Bacteria>Proteobacteria>Betaproteobacteria>Burkholderiales>Comamonadaceae>Alicycliphilus"
"Burkholderia gladioli"	"S"	28095	2	NA	NA	NA	NA	NA	NA	NA	1	NA	1	NA	NA	NA	2	NA	"cellular&nbsp;organisms>Bacteria>Proteobacteria>Betaproteobacteria>Burkholderiales>Burkholderiaceae>Burkholderia"
"Thiomonas arsenitoxydans"	"S"	426114	1	NA	NA	NA	NA	NA	NA	NA	1	NA	NA	NA	NA	NA	NA	NA	"cellular&nbsp;organisms>Bacteria>Proteobacteria>Betaproteobacteria>Burkholderiales>Burkholderiales&nbsp;genera&nbsp;incertae&nbsp;sedis>Thiomonas"
"Sphingomonas paucimobilis"	"S"	13689	1	NA	NA	NA	NA	NA	NA	NA	1	NA	NA	NA	NA	NA	NA	NA	"cellular&nbsp;organisms>Bacteria>Proteobacteria>Alphaproteobacteria>Sphingomonadales>Sphingomonadaceae>Sphingomonas"
"Cutibacterium acnes"	"S"	1747	2	NA	NA	NA	NA	NA	NA	NA	2	NA	NA	NA	1	NA	NA	NA	"cellular&nbsp;organisms>Bacteria>Terrabacteria&nbsp;group>Actinobacteria>Actinomycetia>Propionibacteriales>Propionibacteriaceae>Cutibacterium"
"Streptomyces albidoflavus"	"S"	1886	1	NA	NA	NA	NA	NA	NA	NA	1	NA	NA	NA	NA	NA	NA	NA	"cellular&nbsp;organisms>Bacteria>Terrabacteria&nbsp;group>Actinobacteria>Actinomycetia>Streptomycetales>Streptomycetaceae>Streptomyces>Streptomyces&nbsp;albidoflavus&nbsp;group"
"Enterobacter cloacae complex sp. ECNIH7"	"S"	1915310	1	NA	NA	NA	NA	NA	NA	NA	NA	1	NA	1	NA	NA	1	NA	"cellular&nbsp;organisms>Bacteria>Proteobacteria>Gammaproteobacteria>Enterobacterales>Enterobacteriaceae>Enterobacter>Enterobacter&nbsp;cloacae&nbsp;complex>unclassified&nbsp;Enterobacter&nbsp;cloacae&nbsp;complex"
"Enterobacter mori"	"S"	539813	4	NA	NA	NA	NA	NA	NA	NA	NA	4	1	NA	NA	NA	NA	NA	"cellular&nbsp;organisms>Bacteria>Proteobacteria>Gammaproteobacteria>Enterobacterales>Enterobacteriaceae>Enterobacter"
"Enterobacter sp. SGAir0187"	"S"	2836161	1	NA	NA	NA	NA	NA	NA	NA	NA	1	NA	NA	NA	NA	NA	NA	"cellular&nbsp;organisms>Bacteria>Proteobacteria>Gammaproteobacteria>Enterobacterales>Enterobacteriaceae>Enterobacter>unclassified&nbsp;Enterobacter"
"Citrobacter freundii complex sp. CFNIH2"	"S"	2066049	1	NA	NA	NA	NA	NA	NA	NA	NA	1	NA	NA	NA	NA	NA	NA	"cellular&nbsp;organisms>Bacteria>Proteobacteria>Gammaproteobacteria>Enterobacterales>Enterobacteriaceae>Citrobacter>Citrobacter&nbsp;freundii&nbsp;complex>unclassified&nbsp;Citrobacter&nbsp;freundii&nbsp;complex"
"Citrobacter sp. RHBSTW-00570"	"S"	2742655	2	NA	NA	NA	NA	NA	NA	NA	NA	2	NA	NA	NA	NA	1	NA	"cellular&nbsp;organisms>Bacteria>Proteobacteria>Gammaproteobacteria>Enterobacterales>Enterobacteriaceae>Citrobacter>unclassified&nbsp;Citrobacter"
"Citrobacter sp. R56"	"S"	1573676	1	NA	NA	NA	NA	NA	NA	NA	NA	1	NA	NA	NA	NA	1	1	"cellular&nbsp;organisms>Bacteria>Proteobacteria>Gammaproteobacteria>Enterobacterales>Enterobacteriaceae>Citrobacter>unclassified&nbsp;Citrobacter"
"Kosakonia pseudosacchari"	"S"	1646340	1	NA	NA	NA	NA	NA	NA	NA	NA	1	NA	NA	NA	NA	NA	NA	"cellular&nbsp;organisms>Bacteria>Proteobacteria>Gammaproteobacteria>Enterobacterales>Enterobacteriaceae>Kosakonia"
"Xenorhabdus poinarii"	"S"	40577	1	NA	NA	NA	NA	NA	NA	NA	NA	1	NA	NA	NA	NA	NA	NA	"cellular&nbsp;organisms>Bacteria>Proteobacteria>Gammaproteobacteria>Enterobacterales>Morganellaceae>Xenorhabdus"
"Edwardsiella anguillarum"	"S"	1821960	1	NA	NA	NA	NA	NA	NA	NA	NA	1	NA	NA	NA	NA	NA	NA	"cellular&nbsp;organisms>Bacteria>Proteobacteria>Gammaproteobacteria>Enterobacterales>Hafniaceae>Edwardsiella"
"Pectobacterium brasiliense"	"S"	180957	2	NA	NA	NA	NA	NA	NA	NA	NA	1	NA	NA	NA	2	NA	NA	"cellular&nbsp;organisms>Bacteria>Proteobacteria>Gammaproteobacteria>Enterobacterales>Pectobacteriaceae>Pectobacterium"
"Pantoea ananatis"	"S"	553	1	NA	NA	NA	NA	NA	NA	NA	NA	1	NA	NA	NA	NA	1	NA	"cellular&nbsp;organisms>Bacteria>Proteobacteria>Gammaproteobacteria>Enterobacterales>Erwiniaceae>Pantoea"
"Vibrio furnissii"	"S"	29494	1	NA	NA	NA	NA	NA	NA	NA	NA	1	1	NA	NA	NA	NA	NA	"cellular&nbsp;organisms>Bacteria>Proteobacteria>Gammaproteobacteria>Vibrionales>Vibrionaceae>Vibrio"
"Vibrio scophthalmi"	"S"	45658	1	NA	NA	NA	NA	NA	NA	NA	NA	1	NA	NA	NA	NA	NA	NA	"cellular&nbsp;organisms>Bacteria>Proteobacteria>Gammaproteobacteria>Vibrionales>Vibrionaceae>Vibrio"
"Pseudomonas sp. DG56-2"	"S"	2320270	1	NA	NA	NA	NA	NA	NA	NA	NA	1	NA	NA	NA	NA	NA	NA	"cellular&nbsp;organisms>Bacteria>Proteobacteria>Gammaproteobacteria>Pseudomonadales>Pseudomonadaceae>Pseudomonas>unclassified&nbsp;Pseudomonas"
"Pseudomonas promysalinigenes"	"S"	485898	1	NA	NA	NA	NA	NA	NA	NA	NA	1	NA	NA	NA	NA	NA	NA	"cellular&nbsp;organisms>Bacteria>Proteobacteria>Gammaproteobacteria>Pseudomonadales>Pseudomonadaceae>Pseudomonas"
"Pseudomonas cerasi"	"S"	1583341	1	NA	NA	NA	NA	NA	NA	NA	NA	1	NA	NA	NA	NA	NA	NA	"cellular&nbsp;organisms>Bacteria>Proteobacteria>Gammaproteobacteria>Pseudomonadales>Pseudomonadaceae>Pseudomonas"
"Pseudomonas psychrophila"	"S"	122355	1	NA	NA	NA	NA	NA	NA	NA	NA	1	NA	NA	NA	NA	NA	NA	"cellular&nbsp;organisms>Bacteria>Proteobacteria>Gammaproteobacteria>Pseudomonadales>Pseudomonadaceae>Pseudomonas"
"Agarivorans gilvus"	"S"	680279	1	NA	NA	NA	NA	NA	NA	NA	NA	1	NA	NA	NA	NA	NA	NA	"cellular&nbsp;organisms>Bacteria>Proteobacteria>Gammaproteobacteria>Alteromonadales>Alteromonadaceae>Agarivorans"
"Aeromonas veronii"	"S"	654	1	NA	NA	NA	NA	NA	NA	NA	NA	1	1	NA	NA	NA	NA	NA	"cellular&nbsp;organisms>Bacteria>Proteobacteria>Gammaproteobacteria>Aeromonadales>Aeromonadaceae>Aeromonas"
"Aeromonas bestiarum"	"S"	105751	1	NA	NA	NA	NA	NA	NA	NA	NA	1	NA	NA	NA	NA	NA	NA	"cellular&nbsp;organisms>Bacteria>Proteobacteria>Gammaproteobacteria>Aeromonadales>Aeromonadaceae>Aeromonas"
"Halomonas sp. 18071143"	"S"	2855441	1	NA	NA	NA	NA	NA	NA	NA	NA	1	NA	NA	NA	NA	NA	NA	"cellular&nbsp;organisms>Bacteria>Proteobacteria>Gammaproteobacteria>Oceanospirillales>Halomonadaceae>Halomonas>unclassified&nbsp;Halomonas"
"Hahella sp. KA22"	"S"	1628392	1	NA	NA	NA	NA	NA	NA	NA	NA	1	NA	NA	NA	NA	NA	NA	"cellular&nbsp;organisms>Bacteria>Proteobacteria>Gammaproteobacteria>Oceanospirillales>Hahellaceae>Hahella>unclassified&nbsp;Hahella"
"Denitratisoma sp. DHT3"	"S"	1981880	1	NA	NA	NA	NA	NA	NA	NA	NA	1	NA	NA	NA	NA	1	NA	"cellular&nbsp;organisms>Bacteria>Proteobacteria>Betaproteobacteria>Nitrosomonadales>Sterolibacteriaceae>Denitratisoma>unclassified&nbsp;Denitratisoma"
"Streptococcus salivarius"	"S"	1304	1	NA	NA	NA	NA	NA	NA	NA	NA	1	NA	NA	NA	NA	NA	NA	"cellular&nbsp;organisms>Bacteria>Terrabacteria&nbsp;group>Firmicutes>Bacilli>Lactobacillales>Streptococcaceae>Streptococcus"
"Enterobacter sp. 638"	"S"	399742	1	NA	NA	NA	NA	NA	NA	NA	NA	NA	1	NA	NA	NA	NA	NA	"cellular&nbsp;organisms>Bacteria>Proteobacteria>Gammaproteobacteria>Enterobacterales>Enterobacteriaceae>Enterobacter>unclassified&nbsp;Enterobacter"
"Enterobacter sp. SES19"	"S"	2705458	1	NA	NA	NA	NA	NA	NA	NA	NA	NA	1	NA	NA	NA	NA	NA	"cellular&nbsp;organisms>Bacteria>Proteobacteria>Gammaproteobacteria>Enterobacterales>Enterobacteriaceae>Enterobacter>unclassified&nbsp;Enterobacter"
"Enterobacter soli"	"S"	885040	1	NA	NA	NA	NA	NA	NA	NA	NA	NA	1	NA	NA	NA	NA	NA	"cellular&nbsp;organisms>Bacteria>Proteobacteria>Gammaproteobacteria>Enterobacterales>Enterobacteriaceae>Enterobacter"
"Candidatus Gullanella endobia"	"S"	1070130	1	NA	NA	NA	NA	NA	NA	NA	NA	NA	1	NA	NA	NA	NA	NA	"cellular&nbsp;organisms>Bacteria>Proteobacteria>Gammaproteobacteria>Enterobacterales>Enterobacteriaceae>Enterobacteriaceae&nbsp;incertae&nbsp;sedis>ant,&nbsp;tsetse,&nbsp;mealybug,&nbsp;aphid,&nbsp;etc.&nbsp;endosymbionts>Candidatus&nbsp;Gullanella"
"Providencia sneebia"	"S"	516075	1	NA	NA	NA	NA	NA	NA	NA	NA	NA	1	NA	NA	NA	NA	NA	"cellular&nbsp;organisms>Bacteria>Proteobacteria>Gammaproteobacteria>Enterobacterales>Morganellaceae>Providencia"
"Pectobacterium atrosepticum"	"S"	29471	3	NA	NA	NA	NA	NA	NA	NA	NA	NA	3	NA	NA	NA	1	NA	"cellular&nbsp;organisms>Bacteria>Proteobacteria>Gammaproteobacteria>Enterobacterales>Pectobacteriaceae>Pectobacterium"
"Pectobacterium polaris"	"S"	2042057	1	NA	NA	NA	NA	NA	NA	NA	NA	NA	1	NA	NA	NA	NA	NA	"cellular&nbsp;organisms>Bacteria>Proteobacteria>Gammaproteobacteria>Enterobacterales>Pectobacteriaceae>Pectobacterium"
"Brenneria goodwinii"	"S"	1109412	1	NA	NA	NA	NA	NA	NA	NA	NA	NA	1	NA	NA	NA	NA	NA	"cellular&nbsp;organisms>Bacteria>Proteobacteria>Gammaproteobacteria>Enterobacterales>Pectobacteriaceae>Brenneria"
"Dickeya zeae"	"S"	204042	2	NA	NA	NA	NA	NA	NA	NA	NA	NA	2	NA	NA	2	NA	NA	"cellular&nbsp;organisms>Bacteria>Proteobacteria>Gammaproteobacteria>Enterobacterales>Pectobacteriaceae>Dickeya"
"Serratia rubidaea"	"S"	61652	1	NA	NA	NA	NA	NA	NA	NA	NA	NA	1	NA	NA	NA	NA	NA	"cellular&nbsp;organisms>Bacteria>Proteobacteria>Gammaproteobacteria>Enterobacterales>Yersiniaceae>Serratia"
"Erwinia amylovora"	"S"	552	1	NA	NA	NA	NA	NA	NA	NA	NA	NA	1	NA	NA	NA	NA	NA	"cellular&nbsp;organisms>Bacteria>Proteobacteria>Gammaproteobacteria>Enterobacterales>Erwiniaceae>Erwinia"
"Photobacterium gaetbulicola"	"S"	1295392	1	NA	NA	NA	NA	NA	NA	NA	NA	NA	1	NA	NA	NA	NA	NA	"cellular&nbsp;organisms>Bacteria>Proteobacteria>Gammaproteobacteria>Vibrionales>Vibrionaceae>Photobacterium"
"Catenovulum sp. CCB-QB4"	"S"	2172099	1	NA	NA	NA	NA	NA	NA	NA	NA	NA	1	NA	NA	NA	NA	NA	"cellular&nbsp;organisms>Bacteria>Proteobacteria>Gammaproteobacteria>Alteromonadales>Alteromonadaceae>Catenovulum>unclassified&nbsp;Catenovulum"
"Pseudoalteromonas marina"	"S"	267375	1	NA	NA	NA	NA	NA	NA	NA	NA	NA	1	NA	NA	NA	NA	NA	"cellular&nbsp;organisms>Bacteria>Proteobacteria>Gammaproteobacteria>Alteromonadales>Pseudoalteromonadaceae>Pseudoalteromonas"
"Pseudomonas viridiflava"	"S"	33069	1	NA	NA	NA	NA	NA	NA	NA	NA	NA	1	NA	NA	NA	NA	NA	"cellular&nbsp;organisms>Bacteria>Proteobacteria>Gammaproteobacteria>Pseudomonadales>Pseudomonadaceae>Pseudomonas>Pseudomonas&nbsp;syringae&nbsp;group"
"Pseudomonas azotoformans"	"S"	47878	1	NA	NA	NA	NA	NA	NA	NA	NA	NA	1	NA	NA	NA	NA	NA	"cellular&nbsp;organisms>Bacteria>Proteobacteria>Gammaproteobacteria>Pseudomonadales>Pseudomonadaceae>Pseudomonas>Pseudomonas&nbsp;fluorescens&nbsp;group"
"Pseudomonas veronii"	"S"	76761	1	NA	NA	NA	NA	NA	NA	NA	NA	NA	1	NA	NA	NA	NA	NA	"cellular&nbsp;organisms>Bacteria>Proteobacteria>Gammaproteobacteria>Pseudomonadales>Pseudomonadaceae>Pseudomonas>Pseudomonas&nbsp;fluorescens&nbsp;group"
"Pseudomonas chlororaphis"	"S"	587753	2	NA	NA	NA	NA	NA	NA	NA	NA	NA	2	NA	NA	NA	1	NA	"cellular&nbsp;organisms>Bacteria>Proteobacteria>Gammaproteobacteria>Pseudomonadales>Pseudomonadaceae>Pseudomonas>Pseudomonas&nbsp;chlororaphis&nbsp;group"
"Pseudomonas granadensis"	"S"	1421430	1	NA	NA	NA	NA	NA	NA	NA	NA	NA	1	NA	NA	NA	NA	NA	"cellular&nbsp;organisms>Bacteria>Proteobacteria>Gammaproteobacteria>Pseudomonadales>Pseudomonadaceae>Pseudomonas"
"Pseudomonas sp. StFLB209"	"S"	1028989	1	NA	NA	NA	NA	NA	NA	NA	NA	NA	1	NA	NA	NA	NA	NA	"cellular&nbsp;organisms>Bacteria>Proteobacteria>Gammaproteobacteria>Pseudomonadales>Pseudomonadaceae>Pseudomonas>unclassified&nbsp;Pseudomonas"
"Acinetobacter johnsonii"	"S"	40214	2	NA	NA	NA	NA	NA	NA	NA	NA	NA	2	NA	NA	NA	NA	NA	"cellular&nbsp;organisms>Bacteria>Proteobacteria>Gammaproteobacteria>Pseudomonadales>Moraxellaceae>Acinetobacter"
"Aeromonas caviae"	"S"	648	1	NA	NA	NA	NA	NA	NA	NA	NA	NA	1	NA	NA	NA	1	NA	"cellular&nbsp;organisms>Bacteria>Proteobacteria>Gammaproteobacteria>Aeromonadales>Aeromonadaceae>Aeromonas"
"Aeromonas sp. ASNIH1"	"S"	1636606	1	NA	NA	NA	NA	NA	NA	NA	NA	NA	1	NA	NA	NA	NA	NA	"cellular&nbsp;organisms>Bacteria>Proteobacteria>Gammaproteobacteria>Aeromonadales>Aeromonadaceae>Aeromonas>unclassified&nbsp;Aeromonas"
"Dongshaea marina"	"S"	2047966	1	NA	NA	NA	NA	NA	NA	NA	NA	NA	1	NA	NA	NA	NA	NA	"cellular&nbsp;organisms>Bacteria>Proteobacteria>Gammaproteobacteria>Aeromonadales>Aeromonadaceae>Dongshaea"
"Luteimonas sp. MC1572"	"S"	2799325	1	NA	NA	NA	NA	NA	NA	NA	NA	NA	1	NA	NA	NA	NA	NA	"cellular&nbsp;organisms>Bacteria>Proteobacteria>Gammaproteobacteria>Xanthomonadales>Xanthomonadaceae>Luteimonas>unclassified&nbsp;Luteimonas"
"Dyella caseinilytica"	"S"	1849581	1	NA	NA	NA	NA	NA	NA	NA	NA	NA	1	NA	NA	NA	NA	NA	"cellular&nbsp;organisms>Bacteria>Proteobacteria>Gammaproteobacteria>Xanthomonadales>Rhodanobacteraceae>Dyella"
"Halomonas sp. KO116"	"S"	1504981	1	NA	NA	NA	NA	NA	NA	NA	NA	NA	1	NA	NA	NA	NA	NA	"cellular&nbsp;organisms>Bacteria>Proteobacteria>Gammaproteobacteria>Oceanospirillales>Halomonadaceae>Halomonas>unclassified&nbsp;Halomonas"
"Marinobacterium georgiense"	"S"	48076	1	NA	NA	NA	NA	NA	NA	NA	NA	NA	1	NA	NA	NA	NA	NA	"cellular&nbsp;organisms>Bacteria>Proteobacteria>Gammaproteobacteria>Oceanospirillales>Oceanospirillaceae>Marinobacterium"
"Candidatus Thiodictyon syntrophicum"	"S"	1166950	1	NA	NA	NA	NA	NA	NA	NA	NA	NA	1	NA	NA	NA	NA	NA	"cellular&nbsp;organisms>Bacteria>Proteobacteria>Gammaproteobacteria>Chromatiales>Chromatiaceae>Thiodictyon"
"Rheinheimera sp. F8"	"S"	1763998	1	NA	NA	NA	NA	NA	NA	NA	NA	NA	1	NA	NA	NA	NA	NA	"cellular&nbsp;organisms>Bacteria>Proteobacteria>Gammaproteobacteria>Chromatiales>Chromatiaceae>Rheinheimera>unclassified&nbsp;Rheinheimera"
"Thioalkalivibrio sp. K90mix"	"S"	396595	1	NA	NA	NA	NA	NA	NA	NA	NA	NA	1	NA	NA	NA	NA	NA	"cellular&nbsp;organisms>Bacteria>Proteobacteria>Gammaproteobacteria>Chromatiales>Ectothiorhodospiraceae>Thioalkalivibrio>unclassified&nbsp;Thioalkalivibrio"
"Francisella uliginis"	"S"	573570	1	NA	NA	NA	NA	NA	NA	NA	NA	NA	1	NA	NA	NA	NA	NA	"cellular&nbsp;organisms>Bacteria>Proteobacteria>Gammaproteobacteria>Thiotrichales>Francisellaceae>Francisella"
"Sulfurifustis variabilis"	"S"	1675686	1	NA	NA	NA	NA	NA	NA	NA	NA	NA	1	NA	NA	NA	1	NA	"cellular&nbsp;organisms>Bacteria>Proteobacteria>Gammaproteobacteria>Acidiferrobacterales>Acidiferrobacteraceae>Sulfurifustis"
"Achromobacter xylosoxidans"	"S"	85698	1	NA	NA	NA	NA	NA	NA	NA	NA	NA	1	NA	NA	1	NA	NA	"cellular&nbsp;organisms>Bacteria>Proteobacteria>Betaproteobacteria>Burkholderiales>Alcaligenaceae>Achromobacter"
"Polaromonas sp. E3S"	"S"	1840265	1	NA	NA	NA	NA	NA	NA	NA	NA	NA	1	NA	NA	NA	NA	NA	"cellular&nbsp;organisms>Bacteria>Proteobacteria>Betaproteobacteria>Burkholderiales>Comamonadaceae>Polaromonas>unclassified&nbsp;Polaromonas"
"Burkholderia contaminans"	"S"	488447	1	NA	NA	NA	NA	NA	NA	NA	NA	NA	1	NA	NA	NA	NA	NA	"cellular&nbsp;organisms>Bacteria>Proteobacteria>Betaproteobacteria>Burkholderiales>Burkholderiaceae>Burkholderia>Burkholderia&nbsp;cepacia&nbsp;complex"
"Rhizobacter sp. AJA081-3"	"S"	2753607	1	NA	NA	NA	NA	NA	NA	NA	NA	NA	1	NA	NA	NA	NA	NA	"cellular&nbsp;organisms>Bacteria>Proteobacteria>Betaproteobacteria>Burkholderiales>Burkholderiales&nbsp;genera&nbsp;incertae&nbsp;sedis>Rhizobacter>unclassified&nbsp;Rhizobacter"
"Nitrosomonas europaea"	"S"	915	1	NA	NA	NA	NA	NA	NA	NA	NA	NA	1	NA	NA	1	NA	NA	"cellular&nbsp;organisms>Bacteria>Proteobacteria>Betaproteobacteria>Nitrosomonadales>Nitrosomonadaceae>Nitrosomonas"
"Bradyrhizobium erythrophlei"	"S"	1437360	1	NA	NA	NA	NA	NA	NA	NA	NA	NA	1	NA	NA	NA	1	NA	"cellular&nbsp;organisms>Bacteria>Proteobacteria>Alphaproteobacteria>Hyphomicrobiales>Bradyrhizobiaceae>Bradyrhizobium"
"Mesorhizobium oceanicum"	"S"	1670800	1	NA	NA	NA	NA	NA	NA	NA	NA	NA	1	NA	NA	NA	NA	NA	"cellular&nbsp;organisms>Bacteria>Proteobacteria>Alphaproteobacteria>Hyphomicrobiales>Phyllobacteriaceae>Mesorhizobium"
"Anaerobutyricum hallii"	"S"	39488	1	NA	NA	NA	NA	NA	NA	NA	NA	NA	1	NA	NA	NA	NA	NA	"cellular&nbsp;organisms>Bacteria>Terrabacteria&nbsp;group>Firmicutes>Clostridia>Eubacteriales>Lachnospiraceae>Anaerobutyricum"
"Streptomyces aureoverticillatus"	"S"	66871	1	NA	NA	NA	NA	NA	NA	NA	NA	NA	1	NA	NA	1	NA	NA	"cellular&nbsp;organisms>Bacteria>Terrabacteria&nbsp;group>Actinobacteria>Actinomycetia>Streptomycetales>Streptomycetaceae>Streptomyces"
"Bacteroides ovatus"	"S"	28116	1	NA	NA	NA	NA	NA	NA	NA	NA	NA	1	NA	NA	NA	NA	NA	"cellular&nbsp;organisms>Bacteria>FCB&nbsp;group>Bacteroidetes/Chlorobi&nbsp;group>Bacteroidetes>Bacteroidia>Bacteroidales>Bacteroidaceae>Bacteroides"
"Bacteroides caccae"	"S"	47678	1	NA	NA	NA	NA	NA	NA	NA	NA	NA	1	NA	NA	NA	NA	NA	"cellular&nbsp;organisms>Bacteria>FCB&nbsp;group>Bacteroidetes/Chlorobi&nbsp;group>Bacteroidetes>Bacteroidia>Bacteroidales>Bacteroidaceae>Bacteroides"
"Bacteroides cellulosilyticus"	"S"	246787	1	NA	NA	NA	NA	NA	NA	NA	NA	NA	1	NA	NA	NA	NA	NA	"cellular&nbsp;organisms>Bacteria>FCB&nbsp;group>Bacteroidetes/Chlorobi&nbsp;group>Bacteroidetes>Bacteroidia>Bacteroidales>Bacteroidaceae>Bacteroides"
"Alistipes dispar"	"S"	2585119	1	NA	NA	NA	NA	NA	NA	NA	NA	NA	1	NA	NA	NA	NA	NA	"cellular&nbsp;organisms>Bacteria>FCB&nbsp;group>Bacteroidetes/Chlorobi&nbsp;group>Bacteroidetes>Bacteroidia>Bacteroidales>Rikenellaceae>Alistipes"
"Butyricimonas virosa"	"S"	544645	1	NA	NA	NA	NA	NA	NA	NA	NA	NA	1	NA	NA	NA	1	NA	"cellular&nbsp;organisms>Bacteria>FCB&nbsp;group>Bacteroidetes/Chlorobi&nbsp;group>Bacteroidetes>Bacteroidia>Bacteroidales>Odoribacteraceae>Butyricimonas"
"Pseudoalteromonas prydzensis"	"S"	182141	1	NA	NA	NA	NA	NA	NA	NA	NA	NA	NA	1	NA	NA	NA	NA	"cellular&nbsp;organisms>Bacteria>Proteobacteria>Gammaproteobacteria>Alteromonadales>Pseudoalteromonadaceae>Pseudoalteromonas"
"Nitrosomonas sp. AL212"	"S"	153948	1	NA	NA	NA	NA	NA	NA	NA	NA	NA	NA	1	NA	NA	NA	NA	"cellular&nbsp;organisms>Bacteria>Proteobacteria>Betaproteobacteria>Nitrosomonadales>Nitrosomonadaceae>Nitrosomonas>unclassified&nbsp;Nitrosomonas"
"Oscillibacter sp. MM59"	"S"	2714358	1	NA	NA	NA	NA	NA	NA	NA	NA	NA	NA	1	NA	NA	NA	NA	"cellular&nbsp;organisms>Bacteria>Terrabacteria&nbsp;group>Firmicutes>Clostridia>Eubacteriales>Oscillospiraceae>Oscillibacter>unclassified&nbsp;Oscillibacter"
"Caproicibacterium amylolyticum"	"S"	2766537	1	NA	NA	NA	NA	NA	NA	NA	NA	NA	NA	1	NA	NA	NA	NA	"cellular&nbsp;organisms>Bacteria>Terrabacteria&nbsp;group>Firmicutes>Clostridia>Eubacteriales>Oscillospiraceae>Caproicibacterium"
"Clostridium botulinum"	"S"	1491	1	NA	NA	NA	NA	NA	NA	NA	NA	NA	NA	1	NA	NA	NA	NA	"cellular&nbsp;organisms>Bacteria>Terrabacteria&nbsp;group>Firmicutes>Clostridia>Eubacteriales>Clostridiaceae>Clostridium"
"Clostridioides difficile"	"S"	1496	1	NA	NA	NA	NA	NA	NA	NA	NA	NA	NA	1	NA	NA	NA	NA	"cellular&nbsp;organisms>Bacteria>Terrabacteria&nbsp;group>Firmicutes>Clostridia>Eubacteriales>Peptostreptococcaceae>Clostridioides"
"Staphylococcus pseudintermedius"	"S"	283734	1	NA	NA	NA	NA	NA	NA	NA	NA	NA	NA	1	NA	NA	NA	NA	"cellular&nbsp;organisms>Bacteria>Terrabacteria&nbsp;group>Firmicutes>Bacilli>Bacillales>Staphylococcaceae>Staphylococcus>Staphylococcus&nbsp;intermedius&nbsp;group"
"Nostoc sp. C057"	"S"	2576903	1	NA	NA	NA	NA	NA	NA	NA	NA	NA	NA	1	NA	NA	NA	NA	"cellular&nbsp;organisms>Bacteria>Terrabacteria&nbsp;group>Cyanobacteria/Melainabacteria&nbsp;group>Cyanobacteria>Nostocales>Nostocaceae>Nostoc>unclassified&nbsp;Nostoc"
"Phocaeicola salanitronis"	"S"	376805	1	NA	NA	NA	NA	NA	NA	NA	NA	NA	NA	1	NA	NA	NA	NA	"cellular&nbsp;organisms>Bacteria>FCB&nbsp;group>Bacteroidetes/Chlorobi&nbsp;group>Bacteroidetes>Bacteroidia>Bacteroidales>Bacteroidaceae>Phocaeicola"
"Enterobacter sp. R4-368"	"S"	1166130	1	NA	NA	NA	NA	NA	NA	NA	NA	NA	NA	NA	1	NA	NA	NA	"cellular&nbsp;organisms>Bacteria>Proteobacteria>Gammaproteobacteria>Enterobacterales>Enterobacteriaceae>Enterobacter>unclassified&nbsp;Enterobacter"
"Citrobacter sp. RHB21-C01"	"S"	2742622	1	NA	NA	NA	NA	NA	NA	NA	NA	NA	NA	NA	1	NA	1	NA	"cellular&nbsp;organisms>Bacteria>Proteobacteria>Gammaproteobacteria>Enterobacterales>Enterobacteriaceae>Citrobacter>unclassified&nbsp;Citrobacter"
"Citrobacter sp. FDAARGOS_156"	"S"	1702170	1	NA	NA	NA	NA	NA	NA	NA	NA	NA	NA	NA	1	NA	NA	NA	"cellular&nbsp;organisms>Bacteria>Proteobacteria>Gammaproteobacteria>Enterobacterales>Enterobacteriaceae>Citrobacter>unclassified&nbsp;Citrobacter"
"Dickeya chrysanthemi"	"S"	556	2	NA	NA	NA	NA	NA	NA	NA	NA	NA	NA	NA	1	NA	2	1	"cellular&nbsp;organisms>Bacteria>Proteobacteria>Gammaproteobacteria>Enterobacterales>Pectobacteriaceae>Dickeya"
"Yersinia kristensenii"	"S"	28152	1	NA	NA	NA	NA	NA	NA	NA	NA	NA	NA	NA	1	NA	NA	NA	"cellular&nbsp;organisms>Bacteria>Proteobacteria>Gammaproteobacteria>Enterobacterales>Yersiniaceae>Yersinia"
"Pseudomonas resinovorans"	"S"	53412	1	NA	NA	NA	NA	NA	NA	NA	NA	NA	NA	NA	1	NA	NA	NA	"cellular&nbsp;organisms>Bacteria>Proteobacteria>Gammaproteobacteria>Pseudomonadales>Pseudomonadaceae>Pseudomonas>Pseudomonas&nbsp;aeruginosa&nbsp;group"
"Bifidobacterium longum"	"S"	216816	1	NA	NA	NA	NA	NA	NA	NA	NA	NA	NA	NA	1	NA	NA	NA	"cellular&nbsp;organisms>Bacteria>Terrabacteria&nbsp;group>Actinobacteria>Actinomycetia>Bifidobacteriales>Bifidobacteriaceae>Bifidobacterium"
"Rothia mucilaginosa"	"S"	43675	1	NA	NA	NA	NA	NA	NA	NA	NA	NA	NA	NA	1	NA	NA	NA	"cellular&nbsp;organisms>Bacteria>Terrabacteria&nbsp;group>Actinobacteria>Actinomycetia>Micrococcales>Micrococcaceae>Rothia"
"Blautia obeum"	"S"	40520	1	NA	NA	NA	NA	NA	NA	NA	NA	NA	NA	NA	1	NA	NA	NA	"cellular&nbsp;organisms>Bacteria>Terrabacteria&nbsp;group>Firmicutes>Clostridia>Eubacteriales>Lachnospiraceae>Blautia"
"Klebsiella sp. WP3-W18-ESBL-02"	"S"	2675710	1	NA	NA	NA	NA	NA	NA	NA	NA	NA	NA	NA	NA	1	NA	NA	"cellular&nbsp;organisms>Bacteria>Proteobacteria>Gammaproteobacteria>Enterobacterales>Enterobacteriaceae>Klebsiella>unclassified&nbsp;Klebsiella"
"Enterobacter cloacae complex sp. ECL112"	"S"	2850493	1	NA	NA	NA	NA	NA	NA	NA	NA	NA	NA	NA	NA	1	NA	NA	"cellular&nbsp;organisms>Bacteria>Proteobacteria>Gammaproteobacteria>Enterobacterales>Enterobacteriaceae>Enterobacter>Enterobacter&nbsp;cloacae&nbsp;complex>unclassified&nbsp;Enterobacter&nbsp;cloacae&nbsp;complex"
"Enterobacter sp. Colony194"	"S"	2866201	1	NA	NA	NA	NA	NA	NA	NA	NA	NA	NA	NA	NA	1	NA	NA	"cellular&nbsp;organisms>Bacteria>Proteobacteria>Gammaproteobacteria>Enterobacterales>Enterobacteriaceae>Enterobacter>unclassified&nbsp;Enterobacter"
"Citrobacter sp. BDA59-3"	"S"	2781952	1	NA	NA	NA	NA	NA	NA	NA	NA	NA	NA	NA	NA	1	NA	NA	"cellular&nbsp;organisms>Bacteria>Proteobacteria>Gammaproteobacteria>Enterobacterales>Enterobacteriaceae>Citrobacter>unclassified&nbsp;Citrobacter"
"Leclercia sp. W17"	"S"	2282309	1	NA	NA	NA	NA	NA	NA	NA	NA	NA	NA	NA	NA	1	NA	NA	"cellular&nbsp;organisms>Bacteria>Proteobacteria>Gammaproteobacteria>Enterobacterales>Enterobacteriaceae>Leclercia>unclassified&nbsp;Leclercia"
"Cedecea lapagei"	"S"	158823	1	NA	NA	NA	NA	NA	NA	NA	NA	NA	NA	NA	NA	1	1	NA	"cellular&nbsp;organisms>Bacteria>Proteobacteria>Gammaproteobacteria>Enterobacterales>Enterobacteriaceae>Cedecea"
"Shimwellia blattae"	"S"	563	3	NA	NA	NA	NA	NA	NA	NA	NA	NA	NA	NA	NA	1	3	NA	"cellular&nbsp;organisms>Bacteria>Proteobacteria>Gammaproteobacteria>Enterobacterales>Enterobacteriaceae>Shimwellia"
"Yersinia aleksiciae"	"S"	263819	1	NA	NA	NA	NA	NA	NA	NA	NA	NA	NA	NA	NA	1	NA	NA	"cellular&nbsp;organisms>Bacteria>Proteobacteria>Gammaproteobacteria>Enterobacterales>Yersiniaceae>Yersinia"
"Serratia quinivorans"	"S"	137545	1	NA	NA	NA	NA	NA	NA	NA	NA	NA	NA	NA	NA	1	NA	NA	"cellular&nbsp;organisms>Bacteria>Proteobacteria>Gammaproteobacteria>Enterobacterales>Yersiniaceae>Serratia"
"Limnobaculum parvum"	"S"	2172103	1	NA	NA	NA	NA	NA	NA	NA	NA	NA	NA	NA	NA	1	NA	NA	"cellular&nbsp;organisms>Bacteria>Proteobacteria>Gammaproteobacteria>Enterobacterales>Budviciaceae>Limnobaculum"
"Pseudomonas protegens"	"S"	380021	1	NA	NA	NA	NA	NA	NA	NA	NA	NA	NA	NA	NA	1	NA	NA	"cellular&nbsp;organisms>Bacteria>Proteobacteria>Gammaproteobacteria>Pseudomonadales>Pseudomonadaceae>Pseudomonas>Pseudomonas&nbsp;fluorescens&nbsp;group"
"Pseudomonas corrugata"	"S"	47879	1	NA	NA	NA	NA	NA	NA	NA	NA	NA	NA	NA	NA	1	NA	NA	"cellular&nbsp;organisms>Bacteria>Proteobacteria>Gammaproteobacteria>Pseudomonadales>Pseudomonadaceae>Pseudomonas>Pseudomonas&nbsp;fluorescens&nbsp;group"
"Pseudomonas rhizosphaerae"	"S"	216142	1	NA	NA	NA	NA	NA	NA	NA	NA	NA	NA	NA	NA	1	NA	NA	"cellular&nbsp;organisms>Bacteria>Proteobacteria>Gammaproteobacteria>Pseudomonadales>Pseudomonadaceae>Pseudomonas"
"Pseudomonas sp. HLS-6"	"S"	2049589	1	NA	NA	NA	NA	NA	NA	NA	NA	NA	NA	NA	NA	1	NA	NA	"cellular&nbsp;organisms>Bacteria>Proteobacteria>Gammaproteobacteria>Pseudomonadales>Pseudomonadaceae>Pseudomonas>unclassified&nbsp;Pseudomonas"
"Acinetobacter defluvii"	"S"	1871111	1	NA	NA	NA	NA	NA	NA	NA	NA	NA	NA	NA	NA	1	NA	NA	"cellular&nbsp;organisms>Bacteria>Proteobacteria>Gammaproteobacteria>Pseudomonadales>Moraxellaceae>Acinetobacter"
"Xanthomonas vesicatoria"	"S"	56460	1	NA	NA	NA	NA	NA	NA	NA	NA	NA	NA	NA	NA	1	NA	NA	"cellular&nbsp;organisms>Bacteria>Proteobacteria>Gammaproteobacteria>Xanthomonadales>Xanthomonadaceae>Xanthomonas"
"Lysobacter solisilvae (ex Kim et al. 2021)"	"S"	2763317	1	NA	NA	NA	NA	NA	NA	NA	NA	NA	NA	NA	NA	1	NA	NA	"cellular&nbsp;organisms>Bacteria>Proteobacteria>Gammaproteobacteria>Xanthomonadales>Xanthomonadaceae>Lysobacter"
"Wenzhouxiangella marina"	"S"	1579979	1	NA	NA	NA	NA	NA	NA	NA	NA	NA	NA	NA	NA	1	NA	NA	"cellular&nbsp;organisms>Bacteria>Proteobacteria>Gammaproteobacteria>Chromatiales>Wenzhouxiangellaceae>Wenzhouxiangella"
"Curvibacter sp. AEP1-3"	"S"	1844971	1	NA	NA	NA	NA	NA	NA	NA	NA	NA	NA	NA	NA	1	NA	NA	"cellular&nbsp;organisms>Bacteria>Proteobacteria>Betaproteobacteria>Burkholderiales>Comamonadaceae>Curvibacter>unclassified&nbsp;Curvibacter"
"Chromobacterium paludis"	"S"	2605945	1	NA	NA	NA	NA	NA	NA	NA	NA	NA	NA	NA	NA	1	NA	NA	"cellular&nbsp;organisms>Bacteria>Proteobacteria>Betaproteobacteria>Neisseriales>Chromobacteriaceae>Chromobacterium&nbsp;group>Chromobacterium"
"Pontivivens sp. MT2928"	"S"	2789856	1	NA	NA	NA	NA	NA	NA	NA	NA	NA	NA	NA	NA	1	NA	NA	"cellular&nbsp;organisms>Bacteria>Proteobacteria>Alphaproteobacteria>Rhodobacterales>Rhodobacteraceae>Pontivivens>unclassified&nbsp;Pontivivens"
"Micromonospora echinaurantiaca"	"S"	47857	1	NA	NA	NA	NA	NA	NA	NA	NA	NA	NA	NA	NA	1	NA	NA	"cellular&nbsp;organisms>Bacteria>Terrabacteria&nbsp;group>Actinobacteria>Actinomycetia>Micromonosporales>Micromonosporaceae>Micromonospora"
"Sedimentisphaera salicampi"	"S"	1941349	1	NA	NA	NA	NA	NA	NA	NA	NA	NA	NA	NA	NA	1	NA	NA	"cellular&nbsp;organisms>Bacteria>PVC&nbsp;group>Planctomycetes>Phycisphaerae>Sedimentisphaerales>Sedimentisphaeraceae>Sedimentisphaera"
"Enterobacter sp. RHB15-C17"	"S"	2742619	1	NA	NA	NA	NA	NA	NA	NA	NA	NA	NA	NA	NA	NA	1	NA	"cellular&nbsp;organisms>Bacteria>Proteobacteria>Gammaproteobacteria>Enterobacterales>Enterobacteriaceae>Enterobacter>unclassified&nbsp;Enterobacter"
"Enterobacter sp. E20"	"S"	1560339	1	NA	NA	NA	NA	NA	NA	NA	NA	NA	NA	NA	NA	NA	1	NA	"cellular&nbsp;organisms>Bacteria>Proteobacteria>Gammaproteobacteria>Enterobacterales>Enterobacteriaceae>Enterobacter>unclassified&nbsp;Enterobacter"
"Citrobacter sp. RHB25-C09"	"S"	2742624	1	NA	NA	NA	NA	NA	NA	NA	NA	NA	NA	NA	NA	NA	1	NA	"cellular&nbsp;organisms>Bacteria>Proteobacteria>Gammaproteobacteria>Enterobacterales>Enterobacteriaceae>Citrobacter>unclassified&nbsp;Citrobacter"
"Citrobacter sp. RHBSTW-00887"	"S"	2742668	1	NA	NA	NA	NA	NA	NA	NA	NA	NA	NA	NA	NA	NA	1	NA	"cellular&nbsp;organisms>Bacteria>Proteobacteria>Gammaproteobacteria>Enterobacterales>Enterobacteriaceae>Citrobacter>unclassified&nbsp;Citrobacter"
"Cronobacter muytjensii"	"S"	413501	1	NA	NA	NA	NA	NA	NA	NA	NA	NA	NA	NA	NA	NA	1	NA	"cellular&nbsp;organisms>Bacteria>Proteobacteria>Gammaproteobacteria>Enterobacterales>Enterobacteriaceae>Cronobacter"
"Enterobacteriaceae endosymbiont of Plateumaris sericea"	"S"	2675797	1	NA	NA	NA	NA	NA	NA	NA	NA	NA	NA	NA	NA	NA	1	NA	"cellular&nbsp;organisms>Bacteria>Proteobacteria>Gammaproteobacteria>Enterobacterales>Enterobacteriaceae>unclassified&nbsp;Enterobacteriaceae"
"Proteus vulgaris"	"S"	585	1	NA	NA	NA	NA	NA	NA	NA	NA	NA	NA	NA	NA	NA	1	NA	"cellular&nbsp;organisms>Bacteria>Proteobacteria>Gammaproteobacteria>Enterobacterales>Morganellaceae>Proteus"
"Xenorhabdus doucetiae"	"S"	351671	1	NA	NA	NA	NA	NA	NA	NA	NA	NA	NA	NA	NA	NA	1	NA	"cellular&nbsp;organisms>Bacteria>Proteobacteria>Gammaproteobacteria>Enterobacterales>Morganellaceae>Xenorhabdus"
"Xenorhabdus hominickii"	"S"	351679	1	NA	NA	NA	NA	NA	NA	NA	NA	NA	NA	NA	NA	NA	1	NA	"cellular&nbsp;organisms>Bacteria>Proteobacteria>Gammaproteobacteria>Enterobacterales>Morganellaceae>Xenorhabdus"
"Serratia fonticola"	"S"	47917	1	NA	NA	NA	NA	NA	NA	NA	NA	NA	NA	NA	NA	NA	1	NA	"cellular&nbsp;organisms>Bacteria>Proteobacteria>Gammaproteobacteria>Enterobacterales>Yersiniaceae>Serratia"
"Nissabacter sp. SGAir0207"	"S"	2126321	1	NA	NA	NA	NA	NA	NA	NA	NA	NA	NA	NA	NA	NA	1	NA	"cellular&nbsp;organisms>Bacteria>Proteobacteria>Gammaproteobacteria>Enterobacterales>Yersiniaceae>Nissabacter>unclassified&nbsp;Nissabacter"
"Pantoea sp. At-9b"	"S"	592316	1	NA	NA	NA	NA	NA	NA	NA	NA	NA	NA	NA	NA	NA	1	NA	"cellular&nbsp;organisms>Bacteria>Proteobacteria>Gammaproteobacteria>Enterobacterales>Erwiniaceae>Pantoea>unclassified&nbsp;Pantoea"
"Sodalis sp. dw_23"	"S"	2697027	1	NA	NA	NA	NA	NA	NA	NA	NA	NA	NA	NA	NA	NA	1	NA	"cellular&nbsp;organisms>Bacteria>Proteobacteria>Gammaproteobacteria>Enterobacterales>Bruguierivoracaceae>Sodalis>unclassified&nbsp;Sodalis"
"Plesiomonas shigelloides"	"S"	703	1	NA	NA	NA	NA	NA	NA	NA	NA	NA	NA	NA	NA	NA	1	NA	"cellular&nbsp;organisms>Bacteria>Proteobacteria>Gammaproteobacteria>Enterobacterales>Enterobacterales&nbsp;incertae&nbsp;sedis>Plesiomonas"
"Pseudomonas yamanorum"	"S"	515393	1	NA	NA	NA	NA	NA	NA	NA	NA	NA	NA	NA	NA	NA	1	NA	"cellular&nbsp;organisms>Bacteria>Proteobacteria>Gammaproteobacteria>Pseudomonadales>Pseudomonadaceae>Pseudomonas"
"Pseudomonas sp. ADPe"	"S"	2774873	1	NA	NA	NA	NA	NA	NA	NA	NA	NA	NA	NA	NA	NA	1	NA	"cellular&nbsp;organisms>Bacteria>Proteobacteria>Gammaproteobacteria>Pseudomonadales>Pseudomonadaceae>Pseudomonas>unclassified&nbsp;Pseudomonas"
"Xanthomonas oryzae"	"S"	347	1	NA	NA	NA	NA	NA	NA	NA	NA	NA	NA	NA	NA	NA	1	NA	"cellular&nbsp;organisms>Bacteria>Proteobacteria>Gammaproteobacteria>Xanthomonadales>Xanthomonadaceae>Xanthomonas"
"Xanthomonas sacchari"	"S"	56458	1	NA	NA	NA	NA	NA	NA	NA	NA	NA	NA	NA	NA	NA	1	NA	"cellular&nbsp;organisms>Bacteria>Proteobacteria>Gammaproteobacteria>Xanthomonadales>Xanthomonadaceae>Xanthomonas"
"Lysobacter soli"	"S"	453783	1	NA	NA	NA	NA	NA	NA	NA	NA	NA	NA	NA	NA	NA	1	NA	"cellular&nbsp;organisms>Bacteria>Proteobacteria>Gammaproteobacteria>Xanthomonadales>Xanthomonadaceae>Lysobacter"
"Luteibacter rhizovicinus"	"S"	242606	1	NA	NA	NA	NA	NA	NA	NA	NA	NA	NA	NA	NA	NA	1	NA	"cellular&nbsp;organisms>Bacteria>Proteobacteria>Gammaproteobacteria>Xanthomonadales>Rhodanobacteraceae>Luteibacter"
"Aeromonas sp. 2692-1"	"S"	2560029	1	NA	NA	NA	NA	NA	NA	NA	NA	NA	NA	NA	NA	NA	1	NA	"cellular&nbsp;organisms>Bacteria>Proteobacteria>Gammaproteobacteria>Aeromonadales>Aeromonadaceae>Aeromonas>unclassified&nbsp;Aeromonas"
"Methylomonas methanica"	"S"	421	1	NA	NA	NA	NA	NA	NA	NA	NA	NA	NA	NA	NA	NA	1	NA	"cellular&nbsp;organisms>Bacteria>Proteobacteria>Gammaproteobacteria>Methylococcales>Methylococcaceae>Methylomonas"
"Verminephrobacter eiseniae"	"S"	364317	1	NA	NA	NA	NA	NA	NA	NA	NA	NA	NA	NA	NA	NA	1	NA	"cellular&nbsp;organisms>Bacteria>Proteobacteria>Betaproteobacteria>Burkholderiales>Comamonadaceae>Verminephrobacter"
"Rhizobium gallicum"	"S"	56730	1	NA	NA	NA	NA	NA	NA	NA	NA	NA	NA	NA	NA	NA	1	NA	"cellular&nbsp;organisms>Bacteria>Proteobacteria>Alphaproteobacteria>Hyphomicrobiales>Rhizobiaceae>Rhizobium/Agrobacterium&nbsp;group>Rhizobium"
"Bosea sp. AS-1"	"S"	2015316	1	NA	NA	NA	NA	NA	NA	NA	NA	NA	NA	NA	NA	NA	1	NA	"cellular&nbsp;organisms>Bacteria>Proteobacteria>Alphaproteobacteria>Hyphomicrobiales>Boseaceae>Bosea>unclassified&nbsp;Bosea"
"Sphingobium sp. MI1205"	"S"	407020	1	NA	NA	NA	NA	NA	NA	NA	NA	NA	NA	NA	NA	NA	1	NA	"cellular&nbsp;organisms>Bacteria>Proteobacteria>Alphaproteobacteria>Sphingomonadales>Sphingomonadaceae>Sphingobium>unclassified&nbsp;Sphingobium"
"Flavonifractor plautii"	"S"	292800	1	NA	NA	NA	NA	NA	NA	NA	NA	NA	NA	NA	NA	NA	1	NA	"cellular&nbsp;organisms>Bacteria>Terrabacteria&nbsp;group>Firmicutes>Clostridia>Eubacteriales>Oscillospiraceae>Flavonifractor"
"[Ruminococcus] gnavus"	"S"	33038	1	NA	NA	NA	NA	NA	NA	NA	NA	NA	NA	NA	NA	NA	1	NA	"cellular&nbsp;organisms>Bacteria>Terrabacteria&nbsp;group>Firmicutes>Clostridia>Eubacteriales>Lachnospiraceae>Mediterraneibacter"
"Corynebacterium diphtheriae"	"S"	1717	1	NA	NA	NA	NA	NA	NA	NA	NA	NA	NA	NA	NA	NA	1	NA	"cellular&nbsp;organisms>Bacteria>Terrabacteria&nbsp;group>Actinobacteria>Actinomycetia>Corynebacteriales>Corynebacteriaceae>Corynebacterium"
"Mycobacteroides abscessus"	"S"	36809	1	NA	NA	NA	NA	NA	NA	NA	NA	NA	NA	NA	NA	NA	1	NA	"cellular&nbsp;organisms>Bacteria>Terrabacteria&nbsp;group>Actinobacteria>Actinomycetia>Corynebacteriales>Mycobacteriaceae>Mycobacteroides"
"Amycolatopsis sp. YIM 10"	"S"	2653857	1	NA	NA	NA	NA	NA	NA	NA	NA	NA	NA	NA	NA	NA	1	NA	"cellular&nbsp;organisms>Bacteria>Terrabacteria&nbsp;group>Actinobacteria>Actinomycetia>Pseudonocardiales>Pseudonocardiaceae>Amycolatopsis>unclassified&nbsp;Amycolatopsis"
"Prevotella copri"	"S"	165179	2	NA	NA	NA	NA	NA	NA	NA	NA	NA	NA	NA	NA	NA	2	NA	"cellular&nbsp;organisms>Bacteria>FCB&nbsp;group>Bacteroidetes/Chlorobi&nbsp;group>Bacteroidetes>Bacteroidia>Bacteroidales>Prevotellaceae>Prevotella"
"Phocaeicola coprophilus"	"S"	387090	1	NA	NA	NA	NA	NA	NA	NA	NA	NA	NA	NA	NA	NA	1	NA	"cellular&nbsp;organisms>Bacteria>FCB&nbsp;group>Bacteroidetes/Chlorobi&nbsp;group>Bacteroidetes>Bacteroidia>Bacteroidales>Bacteroidaceae>Phocaeicola"
"Candidatus Moranella endobia"	"S"	1048758	1	NA	NA	NA	NA	NA	NA	NA	NA	NA	NA	NA	NA	NA	NA	1	"cellular&nbsp;organisms>Bacteria>Proteobacteria>Gammaproteobacteria>Enterobacterales>Enterobacteriaceae>Candidatus&nbsp;Moranella"
"Pectobacterium versatile"	"S"	2488639	1	NA	NA	NA	NA	NA	NA	NA	NA	NA	NA	NA	NA	NA	NA	1	"cellular&nbsp;organisms>Bacteria>Proteobacteria>Gammaproteobacteria>Enterobacterales>Pectobacteriaceae>Pectobacterium"
"Candidatus Fukatsuia symbiotica"	"S"	1878942	1	NA	NA	NA	NA	NA	NA	NA	NA	NA	NA	NA	NA	NA	NA	1	"cellular&nbsp;organisms>Bacteria>Proteobacteria>Gammaproteobacteria>Enterobacterales>Yersiniaceae>Candidatus&nbsp;Fukatsuia"
"Pseudomonas campi"	"S"	2731681	1	NA	NA	NA	NA	NA	NA	NA	NA	NA	NA	NA	NA	NA	NA	1	"cellular&nbsp;organisms>Bacteria>Proteobacteria>Gammaproteobacteria>Pseudomonadales>Pseudomonadaceae>Pseudomonas"
"Xanthomonas euroxanthea"	"S"	2259622	1	NA	NA	NA	NA	NA	NA	NA	NA	NA	NA	NA	NA	NA	NA	1	"cellular&nbsp;organisms>Bacteria>Proteobacteria>Gammaproteobacteria>Xanthomonadales>Xanthomonadaceae>Xanthomonas"
"Stenotrophomonas sp. SAU14A_NAIMI4_8"	"S"	2072409	1	NA	NA	NA	NA	NA	NA	NA	NA	NA	NA	NA	NA	NA	NA	1	"cellular&nbsp;organisms>Bacteria>Proteobacteria>Gammaproteobacteria>Xanthomonadales>Xanthomonadaceae>Stenotrophomonas>Stenotrophomonas&nbsp;maltophilia&nbsp;group"
"Granulosicoccus antarcticus"	"S"	437505	1	NA	NA	NA	NA	NA	NA	NA	NA	NA	NA	NA	NA	NA	NA	1	"cellular&nbsp;organisms>Bacteria>Proteobacteria>Gammaproteobacteria>Chromatiales>Granulosicoccaceae>Granulosicoccus"
"Shewanella putrefaciens"	"S"	24	1	NA	NA	NA	NA	NA	NA	NA	NA	NA	NA	NA	NA	NA	NA	1	"cellular&nbsp;organisms>Bacteria>Proteobacteria>Gammaproteobacteria>Alteromonadales>Shewanellaceae>Shewanella"
"Desulfovibrio sp. G11"	"S"	631220	2	NA	NA	NA	NA	NA	NA	NA	NA	NA	NA	NA	NA	NA	NA	2	"cellular&nbsp;organisms>Bacteria>Proteobacteria>delta/epsilon&nbsp;subdivisions>Deltaproteobacteria>Desulfovibrionales>Desulfovibrionaceae>Desulfovibrio>unclassified&nbsp;Desulfovibrio"
"Planococcus antarcticus"	"S"	161360	1	NA	NA	NA	NA	NA	NA	NA	NA	NA	NA	NA	NA	NA	NA	1	"cellular&nbsp;organisms>Bacteria>Terrabacteria&nbsp;group>Firmicutes>Bacilli>Bacillales>Planococcaceae>Planococcus"
"Actinocatenispora sera"	"S"	390989	1	NA	NA	NA	NA	NA	NA	NA	NA	NA	NA	NA	NA	NA	NA	1	"cellular&nbsp;organisms>Bacteria>Terrabacteria&nbsp;group>Actinobacteria>Actinomycetia>Micromonosporales>Micromonosporaceae>Actinocatenispora"
